"","version_3.1.1","version_3.0","version_2.2.1","version_2.2","version_2.1.post1","version_2.1","version_2.0","version_1.1","version_1.0","filename"
"airdecap-ng",0,0,0,0,80,80,80,80,0,"airdecap-ng"
"grub-mkpasswd-pbkdf2",21,21,21,21,80,80,80,80,0,"grub-mkpasswd-pbkdf2"
"lsciphers",0,0,0,0,0,0,0,0,0,"lsciphers"
"top",0,0,0,0,80,80,80,80,0,"top"
"vim.tiny",0,0,0,0,80,80,80,80,0,"vim.tiny"
"preconv",0,0,0,0,80,80,80,80,0,"preconv"
"hexeditor",0,0,0,0,80,80,80,80,0,"hexeditor"
"post_spike",0,0,0,0,80,80,80,80,0,"post_spike"
"minicom",0,0,0,0,90,90,90,90,0,"minicom"
"ntpq",78,78,34,34,74,74,74,74,0,"ntpq"
"split",0,0,0,0,80,80,80,80,0,"split"
"chsh",0,0,0,0,90,90,90,90,0,"chsh"
"gpgtar",0,0,0,0,39,39,39,39,0,"gpgtar"
"btrfs",0,0,0,0,97,97,97,97,0,"btrfs"
"sb",0,0,0,0,90,90,90,90,0,"sb"
"kismetdb_statistics",0,0,0,0,80,80,80,80,0,"kismetdb_statistics"
"grub-file",0,0,0,0,80,80,80,80,0,"grub-file"
"gpgv",0,0,0,0,39,39,39,39,0,"gpgv"
"man",0,0,0,0,26,26,26,26,0,"man"
"atk6-fuzz_ip6",0,0,0,0,80,80,80,80,0,"atk6-fuzz_ip6"
"g-ir-compiler",0,0,0,0,19,19,19,19,0,"g-ir-compiler"
"rctest",0,0,0,0,80,80,80,80,0,"rctest"
"networkctl",0,0,0,0,34,34,34,34,0,"networkctl"
"svn",0,0,0,0,80,80,80,80,0,"svn"
"vim",0,0,0,0,0,0,0,0,0,"vim"
"quake",0,0,0,0,80,80,80,80,0,"quake"
"mate-calc",0,0,0,0,19,19,19,19,0,"mate-calc"
"zenity",0,0,0,0,99,99,99,99,0,"zenity"
"ophcrack-cli",0,0,0,0,19,19,19,19,0,"ophcrack-cli"
"mariadb-check",46,46,46,46,126,126,126,126,0,"mariadb-check"
"systemd-tmpfiles",0,0,0,0,80,80,80,80,0,"systemd-tmpfiles"
"mandb",0,0,0,0,26,26,26,26,0,"mandb"
"bully",0,0,0,0,80,80,80,80,0,"bully"
"desktop-file-install",0,0,0,0,91,91,91,91,0,"desktop-file-install"
"sharkd",0,0,0,0,80,80,80,80,0,"sharkd"
"xdg-dbus-proxy",0,0,0,0,80,80,80,80,0,"xdg-dbus-proxy"
"tshark",0,0,0,0,80,80,80,80,0,"tshark"
"shuf",0,0,0,0,39,39,39,39,0,"shuf"
"bwrap",0,0,0,0,75,75,75,75,0,"bwrap"
"ntpdc",78,78,34,34,74,74,74,74,0,"ntpdc"
"pv",4,4,0,0,0,0,0,0,0,"pv"
"yasm",4,4,0,0,0,0,0,0,0,"yasm"
"x86_64-linux-gnu-gcov-dump-10",0,0,0,0,80,80,80,80,0,"x86_64-linux-gnu-gcov-dump-10"
"groff",0,0,0,0,80,80,80,80,0,"groff"
"mkfifo",0,0,0,0,80,80,80,80,0,"mkfifo"
"tcprewrite",0,0,0,0,80,80,80,80,0,"tcprewrite"
"xfwm4",0,0,0,0,19,19,19,19,0,"xfwm4"
"gpgcompose",0,0,0,0,39,39,39,39,0,"gpgcompose"
"hexdump",0,0,0,0,80,80,80,80,0,"hexdump"
"aria_chk",0,0,0,0,19,19,19,19,0,"aria_chk"
"lspci",0,0,0,0,80,80,80,80,0,"lspci"
"bluetoothctl",0,0,0,0,80,80,80,80,0,"bluetoothctl"
"nmblookup",18,18,18,18,98,98,98,98,0,"nmblookup"
"mpris-proxy",0,0,0,0,99,99,99,99,0,"mpris-proxy"
"wget",0,0,0,0,80,80,80,80,0,"wget"
"VBoxClient",0,0,0,0,76,76,76,76,0,"VBoxClient"
"svnserve",0,0,0,0,91,91,91,91,0,"svnserve"
"xfce4-clipman",0,0,0,0,91,91,91,91,0,"xfce4-clipman"
"editres",0,0,0,0,80,80,80,80,0,"editres"
"grub-render-label",21,21,21,21,80,80,80,80,0,"grub-render-label"
"cluster",0,0,0,0,19,19,19,19,0,"cluster"
"aria_pack",0,0,0,0,19,19,19,19,0,"aria_pack"
"xhydra",0,0,0,0,74,74,74,74,0,"xhydra"
"etterfilter",0,0,0,0,80,80,80,80,0,"etterfilter"
"whirlpooldeep",0,0,0,0,80,80,80,80,0,"whirlpooldeep"
"ristretto",0,0,0,0,99,99,99,99,0,"ristretto"
"cifsdd",18,18,18,18,117,117,117,117,0,"cifsdd"
"xclock",0,0,0,0,99,99,99,99,0,"xclock"
"scalpel",0,0,0,0,21,21,21,21,0,"scalpel"
"x86_64-linux-gnu-objdump",2,2,2,2,82,82,82,82,2,"x86_64-linux-gnu-objdump"
"grub-mount",21,21,21,21,80,80,80,80,0,"grub-mount"
"atk6-firewall6",0,0,0,0,80,80,80,80,0,"atk6-firewall6"
"strings",4,4,0,0,0,0,0,0,0,"strings"
"sx",0,0,0,0,90,90,90,90,0,"sx"
"xman",0,0,0,0,97,97,97,97,0,"xman"
"mariadb-show",46,46,46,46,126,126,126,126,0,"mariadb-show"
"mingle",0,0,0,0,80,80,80,80,0,"mingle"
"ping",0,0,0,0,90,90,90,90,0,"ping"
"atril",0,0,0,0,99,99,99,99,0,"atril"
"btrfstune",0,0,0,0,97,97,97,97,0,"btrfstune"
"xfce4-panel",0,0,0,0,99,99,99,99,0,"xfce4-panel"
"x86_64-linux-gnu-c++filt",2,2,2,2,82,82,82,82,2,"x86_64-linux-gnu-c++filt"
"kismet_cap_nrf_51822",0,0,0,0,74,74,74,74,0,"kismet_cap_nrf_51822"
"sane-find-scanner",0,0,0,0,74,74,74,74,0,"sane-find-scanner"
"rendercheck",0,0,0,0,90,90,90,90,0,"rendercheck"
"mariadbd-safe-helper",0,0,0,0,80,80,80,80,0,"mariadbd-safe-helper"
"httptunnel-client",0,0,0,0,0,0,0,0,0,"httptunnel-client"
"lscpu",0,0,0,0,90,90,90,90,0,"lscpu"
"mariadb-waitpid",0,0,0,0,80,80,80,80,0,"mariadb-waitpid"
"desktop-file-validate",0,0,0,0,91,91,91,91,0,"desktop-file-validate"
"objdump",4,4,0,0,0,0,0,0,0,"objdump"
"install",0,0,0,0,39,39,39,39,0,"install"
"busctl",0,0,0,0,80,80,80,80,0,"busctl"
"xtightvncviewer",0,0,0,0,21,21,21,21,0,"xtightvncviewer"
"dpkg-statoverride",0,0,0,0,90,90,90,90,0,"dpkg-statoverride"
"xmllint",0,0,0,0,91,91,91,91,0,"xmllint"
"sbd",0,0,0,0,80,80,80,80,0,"sbd"
"nslookup",4,4,0,0,80,80,80,80,0,"nslookup"
"net",18,18,18,18,98,98,98,98,0,"net"
"obexctl",0,0,0,0,99,99,99,99,0,"obexctl"
"locale",0,0,0,0,74,74,74,74,0,"locale"
"xauth",0,0,0,0,80,80,80,80,0,"xauth"
"rasm2",0,0,0,0,80,80,80,80,0,"rasm2"
"du",0,0,0,0,80,80,80,80,0,"du"
"dpkg-deb",0,0,0,0,90,90,90,90,0,"dpkg-deb"
"diff3",0,0,0,0,80,80,80,80,0,"diff3"
"redir",0,0,0,0,0,0,0,0,0,"redir"
"pulseaudio",0,0,0,0,99,99,99,99,0,"pulseaudio"
"host",4,4,0,0,80,80,80,80,0,"host"
"mm2gv",0,0,0,0,80,80,80,80,0,"mm2gv"
"kismet_cap_nrf_mousejack",0,0,0,0,74,74,74,74,0,"kismet_cap_nrf_mousejack"
"resolveip",0,0,0,0,80,80,80,80,0,"resolveip"
"webfuzz",0,0,0,0,80,80,80,80,0,"webfuzz"
"logger",0,0,0,0,86,86,86,86,0,"logger"
"kismet_cap_rz_killerbee",0,0,0,0,74,74,74,74,0,"kismet_cap_rz_killerbee"
"reaver",0,0,0,0,19,19,19,19,0,"reaver"
"ptx",0,0,0,0,80,80,80,80,0,"ptx"
"sdptool",0,0,0,0,80,80,80,80,0,"sdptool"
"quakeserver",0,0,0,0,80,80,80,80,0,"quakeserver"
"partx",0,0,0,0,80,80,80,80,0,"partx"
"msrpcfuzz_udp",0,0,0,0,80,80,80,80,0,"msrpcfuzz_udp"
"xfce4-appearance-settings",0,0,0,0,91,91,91,91,0,"xfce4-appearance-settings"
"dpkg-divert",0,0,0,0,90,90,90,90,0,"dpkg-divert"
"gpg",0,0,0,0,80,80,80,80,0,"gpg"
"ldapmodify",0,0,0,0,80,80,80,80,0,"ldapmodify"
"join",0,0,0,0,80,80,80,80,0,"join"
"mariadb",46,46,46,46,67,67,67,67,0,"mariadb"
"ssh-keyscan",7,7,46,46,120,120,120,120,7,"ssh-keyscan"
"df",0,0,0,0,80,80,80,80,0,"df"
"kismet_cap_ti_cc_2531",0,0,0,0,74,74,74,74,0,"kismet_cap_ti_cc_2531"
"pstat",0,0,0,0,80,80,80,80,0,"pstat"
"test",0,0,0,0,80,80,80,80,0,"test"
"troff",0,0,0,0,80,80,80,80,0,"troff"
"lsblk",0,0,0,0,80,80,80,80,0,"lsblk"
"unrar-nonfree",0,0,0,0,80,80,80,80,0,"unrar-nonfree"
"Xtightvnc",0,0,0,0,80,80,80,80,0,"Xtightvnc"
"csplit",0,0,0,0,80,80,80,80,0,"csplit"
"udevadm",0,0,0,0,39,39,39,39,0,"udevadm"
"iconv",0,0,0,0,74,74,74,74,0,"iconv"
"sunrpcfuzz",0,0,0,0,80,80,80,80,0,"sunrpcfuzz"
"dns2tcpd",0,0,0,0,80,80,80,80,0,"dns2tcpd"
"pidstat",0,0,0,0,80,80,80,80,0,"pidstat"
"sort",0,0,0,0,39,39,39,39,0,"sort"
"pmspike",0,0,0,0,80,80,80,80,0,"pmspike"
"kismetdb_to_wiglecsv",0,0,0,0,80,80,80,80,0,"kismetdb_to_wiglecsv"
"tcpbridge",0,0,0,0,80,80,80,80,0,"tcpbridge"
"rpcclient",18,18,18,18,98,98,98,98,0,"rpcclient"
"mariadb-conv",46,46,46,46,122,122,122,122,0,"mariadb-conv"
"dns2tcpc",0,0,0,0,80,80,80,80,0,"dns2tcpc"
"my_print_defaults",0,0,0,0,80,80,80,80,0,"my_print_defaults"
"packetq",0,0,0,0,0,0,0,0,0,"packetq"
"ldapmodrdn",0,0,0,0,91,91,91,91,0,"ldapmodrdn"
"file",4,4,0,0,0,0,0,0,0,"file"
"line_send_tcp",0,0,0,0,80,80,80,80,0,"line_send_tcp"
"x11_spike",0,0,0,0,80,80,80,80,0,"x11_spike"
"ntlm2",0,0,0,0,80,80,80,80,0,"ntlm2"
"resolve_stack_dump",46,46,46,46,126,126,126,126,0,"resolve_stack_dump"
"hashdeep",0,0,0,0,80,80,80,80,0,"hashdeep"
"exo-desktop-item-edit",0,0,0,0,91,91,91,91,0,"exo-desktop-item-edit"
"kismetdb_dump_devices",0,0,0,0,80,80,80,80,0,"kismetdb_dump_devices"
"kbxutil",0,0,0,0,39,39,39,39,0,"kbxutil"
"kismet_cap_linux_wifi",0,0,0,0,19,19,19,19,0,"kismet_cap_linux_wifi"
"grub-mknetdir",21,21,21,21,80,80,80,80,0,"grub-mknetdir"
"less",0,0,0,0,90,90,90,90,0,"less"
"generic_web_server_fuzz2",0,0,0,0,80,80,80,80,0,"generic_web_server_fuzz2"
"ncrack",28,28,28,28,102,102,102,102,56,"ncrack"
"x86_64-linux-gnu-ranlib",2,2,2,2,82,82,82,82,2,"x86_64-linux-gnu-ranlib"
"update-alternatives",0,0,0,0,90,90,90,90,0,"update-alternatives"
"touch",0,0,0,0,80,80,80,80,0,"touch"
"cutycapt",0,0,0,0,99,99,99,99,0,"cutycapt"
"atk6-thcping6",0,0,0,0,80,80,80,80,0,"atk6-thcping6"
"mt-gnu",80,80,80,80,80,80,80,80,0,"mt-gnu"
"ab",0,0,0,0,80,80,80,80,0,"ab"
"b2sum",0,0,0,0,80,80,80,80,0,"b2sum"
"xfce4-about",0,0,0,0,91,91,91,91,0,"xfce4-about"
"sed",0,0,0,0,80,80,80,80,0,"sed"
"sendmsrpc",0,0,0,0,80,80,80,80,0,"sendmsrpc"
"ld",4,4,0,0,0,0,0,0,0,"ld"
"rawshark",0,0,0,0,80,80,80,80,0,"rawshark"
"hotpatcher",0,0,0,0,80,80,80,80,0,"hotpatcher"
"traceroute.db",0,0,0,0,80,80,80,80,0,"traceroute.db"
"stunnel4",10,10,10,10,135,135,135,135,0,"stunnel4"
"cjpeg",0,0,0,0,80,80,80,80,0,"cjpeg"
"bitmap",0,0,0,0,99,99,99,99,0,"bitmap"
"kismet_cap_ti_cc_2540",0,0,0,0,74,74,74,74,0,"kismet_cap_ti_cc_2540"
"rarun2",0,0,0,0,80,80,80,80,0,"rarun2"
"mariadb-plugin",46,46,46,46,126,126,126,126,0,"mariadb-plugin"
"findmnt",0,0,0,0,80,80,80,80,0,"findmnt"
"lstopo",0,0,0,0,19,19,19,19,0,"lstopo"
"lsof",0,0,0,0,90,90,90,90,0,"lsof"
"kismetdb_to_pcap",0,0,0,0,80,80,80,80,0,"kismetdb_to_pcap"
"dpkg-split",0,0,0,0,90,90,90,90,0,"dpkg-split"
"smbcontrol",18,18,18,18,98,98,98,98,0,"smbcontrol"
"xfce4-mime-settings",0,0,0,0,91,91,91,91,0,"xfce4-mime-settings"
"tsk_loaddb",0,0,0,0,80,80,80,80,0,"tsk_loaddb"
"chfn",0,0,0,0,90,90,90,90,0,"chfn"
"nano",0,0,0,0,80,80,80,80,0,"nano"
"sha256deep",0,0,0,0,80,80,80,80,0,"sha256deep"
"perl5.32.1",0,0,0,0,19,19,19,19,0,"perl5.32.1"
"stty",0,0,0,0,80,80,80,80,0,"stty"
"fastjar",0,0,0,0,80,80,80,80,0,"fastjar"
"dirb",0,0,0,0,90,90,90,90,0,"dirb"
"chgrp",0,0,0,0,80,80,80,80,0,"chgrp"
"dceoversmb",0,0,0,0,80,80,80,80,0,"dceoversmb"
"grops",0,0,0,0,80,80,80,80,0,"grops"
"x86_64-linux-gnu-as",2,2,2,2,82,82,82,82,2,"x86_64-linux-gnu-as"
"grotty",0,0,0,0,80,80,80,80,0,"grotty"
"seq",0,0,0,0,80,80,80,80,0,"seq"
"pixiewps",0,0,0,0,80,80,80,80,0,"pixiewps"
"tcpreplay-edit",0,0,0,0,80,80,80,80,0,"tcpreplay-edit"
"x86_64-linux-gnu-gprof",2,2,2,2,82,82,82,82,2,"x86_64-linux-gnu-gprof"
"xkbprint",0,0,0,0,97,97,97,97,0,"xkbprint"
"luit",0,0,0,0,80,80,80,80,0,"luit"
"hciconfig",0,0,0,0,80,80,80,80,0,"hciconfig"
"apt-mark",0,0,0,0,80,80,80,80,0,"apt-mark"
"lefty",0,0,0,0,19,19,19,19,0,"lefty"
"unzip",0,0,0,0,80,80,80,80,0,"unzip"
"airolib-ng",0,0,0,0,80,80,80,80,0,"airolib-ng"
"sha224sum",0,0,0,0,80,80,80,80,0,"sha224sum"
"od",0,0,0,0,80,80,80,80,0,"od"
"update-mime-database",0,0,0,0,80,80,80,80,0,"update-mime-database"
"perl",0,0,0,0,19,19,19,19,0,"perl"
"systemd-analyze",0,0,0,0,76,76,76,76,0,"systemd-analyze"
"svnrdump",0,0,0,0,91,91,91,91,0,"svnrdump"
"thunar",0,0,0,0,97,97,97,97,0,"thunar"
"generic_listen_tcp",0,0,0,0,80,80,80,80,0,"generic_listen_tcp"
"pactl",0,0,0,0,91,91,91,91,0,"pactl"
"x86_64-linux-gnu-g++-10",0,0,0,0,80,80,80,80,0,"x86_64-linux-gnu-g++-10"
"xfce4-session",0,0,0,0,91,91,91,91,0,"xfce4-session"
"rearj",0,0,0,0,80,80,80,80,0,"rearj"
"x11perf",0,0,0,0,99,99,99,99,0,"x11perf"
"logtop",0,0,0,0,0,0,0,0,0,"logtop"
"date",0,0,0,0,80,80,80,80,0,"date"
"eqn",0,0,0,0,80,80,80,80,0,"eqn"
"medusa",0,0,0,0,74,74,74,74,0,"medusa"
"ndisasm",0,0,0,0,97,97,97,97,0,"ndisasm"
"atk6-dnsdict6",0,0,0,0,99,99,99,99,0,"atk6-dnsdict6"
"generic_send_tcp",0,0,0,0,80,80,80,80,0,"generic_send_tcp"
"openfortivpn",0,0,0,0,74,74,74,74,0,"openfortivpn"
"wdctl",0,0,0,0,80,80,80,80,0,"wdctl"
"resizepart",0,0,0,0,80,80,80,80,0,"resizepart"
"photorec",0,0,0,0,26,26,26,26,0,"photorec"
"x86_64-linux-gnu-ar",2,2,2,2,82,82,82,82,2,"x86_64-linux-gnu-ar"
"curlftpfs",0,0,0,0,80,80,80,80,0,"curlftpfs"
"scanimage",0,0,0,0,80,80,80,80,0,"scanimage"
"l2test",0,0,0,0,80,80,80,80,0,"l2test"
"bluemoon",0,0,0,0,97,97,97,97,0,"bluemoon"
"realpath",0,0,0,0,80,80,80,80,0,"realpath"
"readlink",0,0,0,0,80,80,80,80,0,"readlink"
"x86_64-linux-gnu-strip",2,2,2,2,82,82,82,82,2,"x86_64-linux-gnu-strip"
"x86_64-linux-gnu-readelf",0,0,0,0,80,80,80,80,0,"x86_64-linux-gnu-readelf"
"etterlog",0,0,0,0,80,80,80,80,0,"etterlog"
"ed",0,0,0,0,90,90,90,90,0,"ed"
"grepjar",0,0,0,0,80,80,80,80,0,"grepjar"
"btrfs-debug-tree",0,0,0,0,97,97,97,97,0,"btrfs-debug-tree"
"xfce4-mouse-settings",0,0,0,0,80,80,80,80,0,"xfce4-mouse-settings"
"gpgsplit",0,0,0,0,39,39,39,39,0,"gpgsplit"
"gopherd",0,0,0,0,80,80,80,80,0,"gopherd"
"xfce4-taskmanager",0,0,0,0,91,91,91,91,0,"xfce4-taskmanager"
"tac",0,0,0,0,80,80,80,80,0,"tac"
"numfmt",0,0,0,0,80,80,80,80,0,"numfmt"
"grub-syslinux2cfg",21,21,21,21,80,80,80,80,0,"grub-syslinux2cfg"
"mariadb-dump",46,46,46,46,126,126,126,126,0,"mariadb-dump"
"sslsplit",16,16,16,16,129,129,129,129,0,"sslsplit"
"tbl",0,0,0,0,80,80,80,80,0,"tbl"
"bccmd",0,0,0,0,80,80,80,80,0,"bccmd"
"3proxy",0,0,0,0,0,0,0,0,0,"3proxy"
"onesixtyone",0,0,0,0,74,74,74,74,0,"onesixtyone"
"dirmngr",0,0,0,0,74,74,74,74,0,"dirmngr"
"x86_64-linux-gnu-gcc-10",0,0,0,0,80,80,80,80,0,"x86_64-linux-gnu-gcc-10"
"xgc",0,0,0,0,80,80,80,80,0,"xgc"
"tigerdeep",0,0,0,0,80,80,80,80,0,"tigerdeep"
"sftp",0,0,0,0,80,80,80,80,0,"sftp"
"sqldiff",0,0,0,0,19,19,19,19,0,"sqldiff"
"rsync",0,0,0,0,74,74,74,74,0,"rsync"
"netstat",0,0,0,0,80,80,80,80,0,"netstat"
"basenc",0,0,0,0,80,80,80,80,0,"basenc"
"ivstools",0,0,0,0,80,80,80,80,0,"ivstools"
"dumpcap",0,0,0,0,74,74,74,74,0,"dumpcap"
"readelf",4,4,0,0,0,0,0,0,0,"readelf"
"nasm",0,0,0,0,80,80,80,80,0,"nasm"
"rdesktop",0,0,0,0,80,80,80,80,0,"rdesktop"
"tsk_gettimes",0,0,0,0,80,80,80,80,0,"tsk_gettimes"
"ss_spike",0,0,0,0,80,80,80,80,0,"ss_spike"
"choom",0,0,0,0,80,80,80,80,0,"choom"
"expr",0,0,0,0,80,80,80,80,0,"expr"
"scriptlive",0,0,0,0,80,80,80,80,0,"scriptlive"
"tcpcapinfo",0,0,0,0,80,80,80,80,0,"tcpcapinfo"
"gzip",0,0,0,0,80,80,80,80,0,"gzip"
"testdisk",0,0,0,0,26,26,26,26,0,"testdisk"
"zipcloak",0,0,0,0,80,80,80,80,0,"zipcloak"
"gpasswd",0,0,0,0,80,80,80,80,0,"gpasswd"
"rfcomm",0,0,0,0,80,80,80,80,0,"rfcomm"
"telnet.netkit",0,0,0,0,74,74,74,74,0,"telnet.netkit"
"diff",0,0,0,0,80,80,80,80,0,"diff"
"xfdesktop",0,0,0,0,80,80,80,80,0,"xfdesktop"
"stdbuf",0,0,0,0,80,80,80,80,0,"stdbuf"
"corkscrew",0,0,0,0,0,0,0,0,0,"corkscrew"
"sadf",0,0,0,0,80,80,80,80,0,"sadf"
"zipnote",0,0,0,0,80,80,80,80,0,"zipnote"
"x86_64-linux-gnu-gcov-tool-10",0,0,0,0,80,80,80,80,0,"x86_64-linux-gnu-gcov-tool-10"
"xdotool",0,0,0,0,74,74,74,74,0,"xdotool"
"printf",0,0,0,0,80,80,80,80,0,"printf"
"column",0,0,0,0,80,80,80,80,0,"column"
"sqsh",0,0,0,0,80,80,80,80,0,"sqsh"
"ldapexop",0,0,0,0,91,91,91,91,0,"ldapexop"
"samba-regedit",18,18,18,18,98,98,98,98,0,"samba-regedit"
"fidentify",0,0,0,0,90,90,90,90,0,"fidentify"
"gvmap",0,0,0,0,19,19,19,19,0,"gvmap"
"xfce4-power-manager",0,0,0,0,26,26,26,26,0,"xfce4-power-manager"
"pavucontrol",0,0,0,0,80,80,80,80,0,"pavucontrol"
"l2ping",0,0,0,0,80,80,80,80,0,"l2ping"
"btrfs-map-logical",0,0,0,0,97,97,97,97,0,"btrfs-map-logical"
"unzipsfx",0,0,0,0,80,80,80,80,0,"unzipsfx"
"chcon",0,0,0,0,80,80,80,80,0,"chcon"
"netkit-ftp",2,2,2,2,90,90,90,90,0,"netkit-ftp"
"rz",0,0,0,0,80,80,80,80,0,"rz"
"whatis",0,0,0,0,26,26,26,26,0,"whatis"
"qt5ct",0,0,0,0,80,80,80,80,0,"qt5ct"
"factor",0,0,0,0,80,80,80,80,0,"factor"
"grub-mkimage",21,21,21,21,80,80,80,80,0,"grub-mkimage"
"atk6-fragrouter6",0,0,0,0,80,80,80,80,0,"atk6-fragrouter6"
"zipsplit",0,0,0,0,80,80,80,80,0,"zipsplit"
"xz",0,0,0,0,80,80,80,80,0,"xz"
"mariadb-slap",46,46,46,46,126,126,126,126,0,"mariadb-slap"
"kismet_cap_ubertooth_one",0,0,0,0,74,74,74,74,0,"kismet_cap_ubertooth_one"
"grub-editenv",21,21,21,21,80,80,80,80,0,"grub-editenv"
"tail",0,0,0,0,80,80,80,80,0,"tail"
"packetforge-ng",0,0,0,0,80,80,80,80,0,"packetforge-ng"
"whois",0,0,0,0,80,80,80,80,0,"whois"
"nsupdate",4,4,0,0,91,91,91,91,0,"nsupdate"
"dpkg-trigger",0,0,0,0,90,90,90,90,0,"dpkg-trigger"
"r2agent",0,0,0,0,80,80,80,80,0,"r2agent"
"ldapdelete",0,0,0,0,91,91,91,91,0,"ldapdelete"
"btmon",0,0,0,0,80,80,80,80,0,"btmon"
"grep",0,0,0,0,80,80,80,80,0,"grep"
"hcidump",0,0,0,0,80,80,80,80,0,"hcidump"
"script",0,0,0,0,80,80,80,80,0,"script"
"tsk_comparedir",0,0,0,0,80,80,80,80,0,"tsk_comparedir"
"tpmc",0,0,0,0,80,80,80,80,0,"tpmc"
"xprop",0,0,0,0,80,80,80,80,0,"xprop"
"loginctl",0,0,0,0,91,91,91,91,0,"loginctl"
"aria_read_log",0,0,0,0,19,19,19,19,0,"aria_read_log"
"more",0,0,0,0,80,80,80,80,0,"more"
"ldapwhoami",0,0,0,0,91,91,91,91,0,"ldapwhoami"
"mksquashfs",0,0,0,0,80,80,80,80,0,"mksquashfs"
"bash",1,1,1,1,91,91,91,91,0,"bash"
"ss",0,0,0,0,80,80,80,80,0,"ss"
"svnlook",0,0,0,0,99,99,99,99,0,"svnlook"
"ssh-agent",0,0,0,0,80,80,80,80,0,"ssh-agent"
"pinentry-gnome3",0,0,0,0,80,80,80,80,0,"pinentry-gnome3"
"Xvfb",0,0,0,0,19,19,19,19,0,"Xvfb"
"xfce4-settings-editor",0,0,0,0,91,91,91,91,0,"xfce4-settings-editor"
"grub-menulst2cfg",0,0,0,0,80,80,80,80,0,"grub-menulst2cfg"
"halflife",0,0,0,0,80,80,80,80,0,"halflife"
"pr",0,0,0,0,80,80,80,80,0,"pr"
"htop",0,0,0,0,0,0,0,0,0,"htop"
"sz",0,0,0,0,90,90,90,90,0,"sz"
"radare2",0,0,0,0,80,80,80,80,0,"radare2"
"sha1deep",0,0,0,0,80,80,80,80,0,"sha1deep"
"statd_spike",0,0,0,0,80,80,80,80,0,"statd_spike"
"vsyasm",4,4,0,0,0,0,0,0,0,"vsyasm"
"spooftooph",0,0,0,0,99,99,99,99,0,"spooftooph"
"pacat",0,0,0,0,80,80,80,80,0,"pacat"
"xfsettingsd",0,0,0,0,19,19,19,19,0,"xfsettingsd"
"kismet_cap_nxp_kw41z",0,0,0,0,74,74,74,74,0,"kismet_cap_nxp_kw41z"
"uniq",0,0,0,0,80,80,80,80,0,"uniq"
"loadkeys",0,0,0,0,80,80,80,80,0,"loadkeys"
"mariadb-admin",46,46,46,46,126,126,126,126,0,"mariadb-admin"
"busybox",17,17,17,17,17,17,17,17,0,"busybox"
"tic",0,0,0,0,80,80,80,80,0,"tic"
"zip",0,0,0,0,80,80,80,80,0,"zip"
"chage",0,0,0,0,80,80,80,80,0,"chage"
"rdf2bin",0,0,0,0,80,80,80,80,0,"rdf2bin"
"iostat",0,0,0,0,97,97,97,97,0,"iostat"
"curl",25,25,30,30,94,94,94,94,18,"curl"
"dbus-daemon",0,0,0,0,80,80,80,80,0,"dbus-daemon"
"kismet_cap_pcapfile",0,0,0,0,74,74,74,74,0,"kismet_cap_pcapfile"
"ciptool",0,0,0,0,80,80,80,80,0,"ciptool"
"grub-mkstandalone",21,21,21,21,80,80,80,80,0,"grub-mkstandalone"
"nmtui",0,0,0,0,80,80,80,80,0,"nmtui"
"kismetdb_clean",0,0,0,0,80,80,80,80,0,"kismetdb_clean"
"editcap",0,0,0,0,99,99,99,99,0,"editcap"
"rpcgen",0,0,0,0,80,80,80,80,0,"rpcgen"
"perror",0,0,0,0,80,80,80,80,0,"perror"
"snmpnetstat",0,0,0,0,91,91,91,91,0,"snmpnetstat"
"upx-ucl",0,0,0,0,80,80,80,80,0,"upx-ucl"
"tsk_recover",0,0,0,0,80,80,80,80,0,"tsk_recover"
"rasign2",0,0,0,0,80,80,80,80,0,"rasign2"
"atk6-fuzz_dhcps6",0,0,0,0,80,80,80,80,0,"atk6-fuzz_dhcps6"
"ntfs-3g",0,0,0,0,80,80,80,80,0,"ntfs-3g"
"pic",0,0,0,0,19,19,19,19,0,"pic"
"ps",0,0,0,0,80,80,80,80,0,"ps"
"eject",0,0,0,0,80,80,80,80,0,"eject"
"ragg2",0,0,0,0,80,80,80,80,0,"ragg2"
"patch",0,0,0,0,80,80,80,80,0,"patch"
"gpgsm",0,0,0,0,39,39,39,39,0,"gpgsm"
"journalctl",0,0,0,0,80,80,80,80,0,"journalctl"
"su",0,0,0,0,80,80,80,80,0,"su"
"crunch",0,0,0,0,19,19,19,19,0,"crunch"
"ssh",7,7,46,46,80,80,80,80,46,"ssh"
"cvtsudoers",0,0,0,0,26,26,26,26,0,"cvtsudoers"
"atk6-alive6",0,0,0,0,80,80,80,80,0,"atk6-alive6"
"kmod",0,0,0,0,80,80,80,80,0,"kmod"
"mate-calc-cmd",0,0,0,0,19,19,19,19,0,"mate-calc-cmd"
"lsusb",0,0,0,0,80,80,80,80,0,"lsusb"
"voiphopper",0,0,0,0,80,80,80,80,0,"voiphopper"
"apt-cache",0,0,0,0,80,80,80,80,0,"apt-cache"
"x86_64-linux-gnu-ld.bfd",2,2,2,2,28,28,28,28,2,"x86_64-linux-gnu-ld.bfd"
"ntfsinfo",0,0,0,0,80,80,80,80,0,"ntfsinfo"
"mpg123.bin",0,0,0,0,80,80,80,80,0,"mpg123.bin"
"gnome-keyring-daemon",0,0,0,0,80,80,80,80,0,"gnome-keyring-daemon"
"tcpliveplay",0,0,0,0,80,80,80,80,0,"tcpliveplay"
"mdsearch",18,18,18,18,98,98,98,98,0,"mdsearch"
"stat",0,0,0,0,21,21,21,21,0,"stat"
"xfce4-clipman-settings",0,0,0,0,91,91,91,91,0,"xfce4-clipman-settings"
"rdma",0,0,0,0,80,80,80,80,0,"rdma"
"x86_64-linux-gnu-ld.gold",0,0,0,0,91,91,91,91,0,"x86_64-linux-gnu-ld.gold"
"ldrdf",0,0,0,0,80,80,80,80,0,"ldrdf"
"flac",0,0,0,0,19,19,19,19,0,"flac"
"nm-applet",0,0,0,0,80,80,80,80,0,"nm-applet"
"btrfs-zero-log",0,0,0,0,97,97,97,97,0,"btrfs-zero-log"
"myisamchk",0,0,0,0,19,19,19,19,0,"myisamchk"
"systemd-sysusers",0,0,0,0,80,80,80,80,0,"systemd-sysusers"
"mariadb-upgrade",46,46,46,46,126,126,126,126,0,"mariadb-upgrade"
"resolvectl",0,0,0,0,80,80,80,80,0,"resolvectl"
"exiv2",0,0,0,0,80,80,80,80,0,"exiv2"
"rax2",0,0,0,0,80,80,80,80,0,"rax2"
"dpkg-query",0,0,0,0,90,90,90,90,0,"dpkg-query"
"tapestat",0,0,0,0,97,97,97,97,0,"tapestat"
"grub-mkfont",21,21,21,21,80,80,80,80,0,"grub-mkfont"
"svnadmin",0,0,0,0,91,91,91,91,0,"svnadmin"
"gawk",0,0,0,0,19,19,19,19,0,"gawk"
"ike-scan",0,0,0,0,74,74,74,74,0,"ike-scan"
"ag",4,4,4,4,4,4,4,4,4,"ag"
"lsipc",0,0,0,0,80,80,80,80,0,"lsipc"
"tsort",0,0,0,0,80,80,80,80,0,"tsort"
"sqlite3",0,0,0,0,19,19,19,19,0,"sqlite3"
"make",0,0,0,0,26,26,26,26,0,"make"
"dig",4,4,0,0,80,80,80,80,0,"dig"
"infocmp",0,0,0,0,80,80,80,80,0,"infocmp"
"ht",4,4,0,0,0,0,0,0,0,"ht"
"nm",4,4,0,0,0,0,0,0,0,"nm"
"lslogins",0,0,0,0,80,80,80,80,0,"lslogins"
"xfce4-display-settings",0,0,0,0,19,19,19,19,0,"xfce4-display-settings"
"httptunnel-server",0,0,0,0,0,0,0,0,0,"httptunnel-server"
"ssh-add",0,0,0,0,80,80,80,80,0,"ssh-add"
"xfce4-notifyd-config",0,0,0,0,91,91,91,91,0,"xfce4-notifyd-config"
"sar.sysstat",0,0,0,0,80,80,80,80,0,"sar.sysstat"
"mknod",0,0,0,0,80,80,80,80,0,"mknod"
"screen",0,0,0,0,80,80,80,80,0,"screen"
"mmcli",0,0,0,0,91,91,91,91,0,"mmcli"
"smbclient",18,18,18,18,98,98,98,98,0,"smbclient"
"text2pcap",0,0,0,0,80,80,80,80,0,"text2pcap"
"ssh-keygen",0,0,0,0,80,80,80,80,0,"ssh-keygen"
"kismet_cap_linux_bluetooth",0,0,0,0,74,74,74,74,0,"kismet_cap_linux_bluetooth"
"btattach",0,0,0,0,97,97,97,97,0,"btattach"
"myisampack",0,0,0,0,19,19,19,19,0,"myisampack"
"generic_chunked",0,0,0,0,80,80,80,80,0,"generic_chunked"
"systemd-run",0,0,0,0,90,90,90,90,0,"systemd-run"
"metaflac",0,0,0,0,19,19,19,19,0,"metaflac"
"mousepad",0,0,0,0,99,99,99,99,0,"mousepad"
"dd",0,0,0,0,80,80,80,80,0,"dd"
"recordmydesktop",0,0,0,0,80,80,80,80,0,"recordmydesktop"
"systemctl",0,0,0,0,91,91,91,91,0,"systemctl"
"gpg-agent",0,0,0,0,39,39,39,39,0,"gpg-agent"
"ar",4,4,0,0,0,0,0,0,0,"ar"
"mariadb-binlog",0,0,0,0,21,21,21,21,0,"mariadb-binlog"
"who",0,0,0,0,80,80,80,80,0,"who"
"sha1sum",0,0,0,0,80,80,80,80,0,"sha1sum"
"engrampa",0,0,0,0,80,80,80,80,0,"engrampa"
"dmesg",0,0,0,0,80,80,80,80,0,"dmesg"
"sha256sum",0,0,0,0,80,80,80,80,0,"sha256sum"
"dir",0,0,0,0,80,80,80,80,0,"dir"
"umax_pp",0,0,0,0,19,19,19,19,0,"umax_pp"
"hcitool",0,0,0,0,80,80,80,80,0,"hcitool"
"atk6-trace6",0,0,0,0,80,80,80,80,0,"atk6-trace6"
"axel",0,0,0,0,74,74,74,74,0,"axel"
"xargs",0,0,0,0,80,80,80,80,0,"xargs"
"mkdir",0,0,0,0,80,80,80,80,0,"mkdir"
"mkfs.btrfs",0,0,0,0,97,97,97,97,0,"mkfs.btrfs"
"nl",0,0,0,0,80,80,80,80,0,"nl"
"tcpreplay",0,0,0,0,80,80,80,80,0,"tcpreplay"
"mount",0,0,0,0,80,80,80,80,0,"mount"
"procan",0,0,0,0,80,80,80,80,0,"procan"
"xfce4-screenshooter",0,0,0,0,91,91,91,91,0,"xfce4-screenshooter"
"aspell",0,0,0,0,80,80,80,80,0,"aspell"
"dumpkeys",0,0,0,0,80,80,80,80,0,"dumpkeys"
"atk6-fragmentation6",0,0,0,0,80,80,80,80,0,"atk6-fragmentation6"
"tmux",0,0,0,0,26,26,26,26,0,"tmux"
"speech-dispatcher",0,0,0,0,80,80,80,80,0,"speech-dispatcher"
"xrandr",0,0,0,0,80,80,80,80,0,"xrandr"
"btrfs-find-root",0,0,0,0,97,97,97,97,0,"btrfs-find-root"
"gatttool",0,0,0,0,80,80,80,80,0,"gatttool"
"nmcli",0,0,0,0,75,75,75,75,0,"nmcli"
"shred",0,0,0,0,39,39,39,39,0,"shred"
"btmgmt",0,0,0,0,80,80,80,80,0,"btmgmt"
"closed_source_web_server_fuzz",0,0,0,0,80,80,80,80,0,"closed_source_web_server_fuzz"
"x86_64-linux-gnu-cpp-10",0,0,0,0,80,80,80,80,0,"x86_64-linux-gnu-cpp-10"
"lsns",0,0,0,0,80,80,80,80,0,"lsns"
"radiff2",0,0,0,0,80,80,80,80,0,"radiff2"
"gpg-connect-agent",0,0,0,0,39,39,39,39,0,"gpg-connect-agent"
"strace",4,4,0,0,0,0,0,0,0,"strace"
"ipcs",0,0,0,0,80,80,80,80,0,"ipcs"
"xfce4-color-settings",0,0,0,0,91,91,91,91,0,"xfce4-color-settings"
"btrfs-image",0,0,0,0,97,97,97,97,0,"btrfs-image"
"gpgconf",0,0,0,0,39,39,39,39,0,"gpgconf"
"dash",0,0,0,0,90,90,90,90,0,"dash"
"kismet_cap_kismetdb",0,0,0,0,74,74,74,74,0,"kismet_cap_kismetdb"
"rmdir",0,0,0,0,80,80,80,80,0,"rmdir"
"dirmngr-client",0,0,0,0,39,39,39,39,0,"dirmngr-client"
"sha384sum",0,0,0,0,80,80,80,80,0,"sha384sum"
"r2r",0,0,0,0,21,21,21,21,0,"r2r"
"lstopo-no-graphics",0,0,0,0,19,19,19,19,0,"lstopo-no-graphics"
"myisamlog",0,0,0,0,19,19,19,19,0,"myisamlog"
"sudoreplay",0,0,0,0,34,34,34,34,0,"sudoreplay"
"ldappasswd",0,0,0,0,91,91,91,91,0,"ldappasswd"
"mv",0,0,0,0,39,39,39,39,0,"mv"
"xfce4-session-settings",0,0,0,0,91,91,91,91,0,"xfce4-session-settings"
"heartbleeder",0,0,0,0,0,0,0,0,0,"heartbleeder"
"grub-fstest",21,21,21,21,80,80,80,80,0,"grub-fstest"
"gdbus",0,0,0,0,91,91,91,91,0,"gdbus"
"do_post",0,0,0,0,80,80,80,80,0,"do_post"
"trust",0,0,0,0,75,75,75,75,0,"trust"
"mariadb-import",46,46,46,46,126,126,126,126,0,"mariadb-import"
"mariadb-tzinfo-to-sql",46,46,46,46,126,126,126,126,0,"mariadb-tzinfo-to-sql"
"ntfswipe",0,0,0,0,80,80,80,80,0,"ntfswipe"
"bulk_extractor",0,0,0,0,80,80,80,80,0,"bulk_extractor"
"ntfsrecover",0,0,0,0,80,80,80,80,0,"ntfsrecover"
"skipfish",0,0,0,0,80,80,80,80,0,"skipfish"
"parole",20,20,20,20,119,119,119,119,0,"parole"
"cgpt",0,0,0,0,21,21,21,21,0,"cgpt"
"out123",0,0,0,0,80,80,80,80,0,"out123"
"wash",0,0,0,0,19,19,19,19,0,"wash"
"objcopy",4,4,0,0,0,0,0,0,0,"objcopy"
"atk6-implementation6",0,0,0,0,80,80,80,80,0,"atk6-implementation6"
"xsm",0,0,0,0,80,80,80,80,0,"xsm"
"fiwalk",0,0,0,0,80,80,80,80,0,"fiwalk"
"git-shell",0,0,0,0,21,21,21,21,0,"git-shell"
"ldapsearch",4,4,4,4,95,95,95,95,0,"ldapsearch"
"nmap_centos5",10,10,0,0,99,99,99,99,0,"nmap_centos5"
"rafind2",0,0,0,0,80,80,80,80,0,"rafind2"
"dos2unix",0,0,0,0,97,97,97,97,0,"dos2unix"
"find",0,0,0,0,80,80,80,80,0,"find"
"replace",0,0,0,0,80,80,80,80,0,"replace"
"vim.basic",0,0,0,0,74,74,74,74,0,"vim.basic"
"aria_dump_log",0,0,0,0,19,19,19,19,0,"aria_dump_log"
"ln",0,0,0,0,39,39,39,39,0,"ln"
"size",4,4,0,0,0,0,0,0,0,"size"
"socat",0,0,0,0,0,0,0,0,0,"socat"
"unix2dos",0,0,0,0,97,97,97,97,0,"unix2dos"
"xfwm4-workspace-settings",0,0,0,0,91,91,91,91,0,"xfwm4-workspace-settings"
"scp",0,0,0,0,80,80,80,80,0,"scp"
"cherrytree",2,2,3,3,19,19,19,19,0,"cherrytree"
"ls",0,0,0,0,80,80,80,80,0,"ls"
"arj",0,0,0,0,90,90,90,90,0,"arj"
"colormgr",0,0,0,0,91,91,91,91,0,"colormgr"
"winexe",18,18,18,18,98,98,98,98,0,"winexe"
"profiles",18,18,18,18,98,98,98,98,0,"profiles"
"msrpcfuzz",0,0,0,0,80,80,80,80,0,"msrpcfuzz"
"cp",0,0,0,0,39,39,39,39,0,"cp"
"ytasm",4,4,0,0,0,0,0,0,0,"ytasm"
"filan",0,0,0,0,80,80,80,80,0,"filan"
"tcpprep",0,0,0,0,80,80,80,80,0,"tcpprep"
"svnbench",0,0,0,0,91,91,91,91,0,"svnbench"
"sudo",0,0,0,0,39,39,39,39,0,"sudo"
"nm-connection-editor",0,0,0,0,99,99,99,99,0,"nm-connection-editor"
"ncdu",2,2,0,0,0,0,0,0,0,"ncdu"
"xfce4-accessibility-settings",0,0,0,0,91,91,91,91,0,"xfce4-accessibility-settings"
"ldapcompare",0,0,0,0,91,91,91,91,0,"ldapcompare"
"myisam_ftdump",0,0,0,0,19,19,19,19,0,"myisam_ftdump"
"dbd",0,0,0,0,80,80,80,80,0,"dbd"
"chown",0,0,0,0,80,80,80,80,0,"chown"
"ntfsdecrypt",0,0,0,0,80,80,80,80,0,"ntfsdecrypt"
"innochecksum",0,0,0,0,21,21,21,21,0,"innochecksum"
"zsh",1,1,0,0,19,19,19,19,0,"zsh"
"post_fuzz",0,0,0,0,80,80,80,80,0,"post_fuzz"
"xfce4-clipman-history",0,0,0,0,91,91,91,91,0,"xfce4-clipman-history"
"ranlib",4,4,0,0,0,0,0,0,0,"ranlib"
"cadaver",0,0,0,0,80,80,80,80,0,"cadaver"
"rahash2",0,0,0,0,80,80,80,80,0,"rahash2"
"pth-curl",88.5,88.5,96,96,161,161,161,161,65,"pth-curl"
"generic_web_server_fuzz",0,0,0,0,80,80,80,80,0,"generic_web_server_fuzz"
"kismetdb_to_gpx",0,0,0,0,80,80,80,80,0,"kismetdb_to_gpx"
"mpstat",0,0,0,0,80,80,80,80,0,"mpstat"
"grub-glue-efi",21,21,21,21,80,80,80,80,0,"grub-glue-efi"
"xfce4-appfinder",0,0,0,0,91,91,91,91,0,"xfce4-appfinder"
"openssl",10,10,10,10,129,129,129,129,0,"openssl"
"ip",0,0,0,0,26,26,26,26,0,"ip"
"unsquashfs",0,0,0,0,80,80,80,80,0,"unsquashfs"
"aria_ftdump",0,0,0,0,19,19,19,19,0,"aria_ftdump"
"atril-previewer",0,0,0,0,99,99,99,99,0,"atril-previewer"
"proxytunnel",0,0,0,0,74,74,74,74,0,"proxytunnel"
"xfreerdp",0,0,0,0,80,80,80,80,0,"xfreerdp"
"xditview",0,0,0,0,99,99,99,99,0,"xditview"
"xwininfo",0,0,0,0,80,80,80,80,0,"xwininfo"
"chmod",0,0,0,0,80,80,80,80,0,"chmod"
"tcpdump",4,4,0,0,0,0,0,0,0,"tcpdump"
"udisksctl",0,0,0,0,91,91,91,91,0,"udisksctl"
"systemd-hwdb",0,0,0,0,39,39,39,39,0,"systemd-hwdb"
"light-locker",0,0,0,0,91,91,91,91,0,"light-locker"
"kismetdb_to_kml",0,0,0,0,80,80,80,80,0,"kismetdb_to_kml"
"tar",76,76,76,76,80,80,80,80,0,"tar"
"mawk",0,0,0,0,19,19,19,19,0,"mawk"
"xfce4-keyboard-settings",0,0,0,0,91,91,91,91,0,"xfce4-keyboard-settings"
"md5deep",0,0,0,0,80,80,80,80,0,"md5deep"
"lsmem",0,0,0,0,80,80,80,80,0,"lsmem"
"hciattach",0,0,0,0,80,80,80,80,0,"hciattach"
"fish",0,0,0,0,0,0,0,0,0,"fish"
"rm",0,0,0,0,80,80,80,80,0,"rm"
"pinentry-curses",0,0,0,0,80,80,80,80,0,"pinentry-curses"
"ntfssecaudit",0,0,0,0,80,80,80,80,0,"ntfssecaudit"
"wpa_passphrase",0,0,0,0,80,80,80,80,0,"wpa_passphrase"
"vdir",0,0,0,0,80,80,80,80,0,"vdir"
"apt-ftparchive",0,0,0,0,80,80,80,80,0,"apt-ftparchive"
"grub-mklayout",21,21,21,21,80,80,80,80,0,"grub-mklayout"
"rx",0,0,0,0,80,80,80,80,0,"rx"
"edgepaint",0,0,0,0,19,19,19,19,0,"edgepaint"
"xfwm4-settings",0,0,0,0,91,91,91,91,0,"xfwm4-settings"
"rabin2",0,0,0,0,80,80,80,80,0,"rabin2"
"wg",0,0,0,0,0,0,0,0,0,"wg"
"ico",0,0,0,0,80,80,80,80,0,"ico"
"hashcat",0,0,0,0,26,26,26,26,0,"hashcat"
"sha512sum",0,0,0,0,80,80,80,80,0,"sha512sum"
"zipinfo",0,0,0,0,80,80,80,80,0,"zipinfo"
"xedit",0,0,0,0,80,80,80,80,0,"xedit"
"login",0,0,0,0,80,80,80,80,0,"login"
"gpg-wks-server",0,0,0,0,39,39,39,39,0,"gpg-wks-server"
"systemd-mount",0,0,0,0,90,90,90,90,0,"systemd-mount"
"lexgrog",0,0,0,0,26,26,26,26,0,"lexgrog"
"localedef",0,0,0,0,74,74,74,74,0,"localedef"
"lowntfs-3g",0,0,0,0,80,80,80,80,0,"lowntfs-3g"
"xfdesktop-settings",0,0,0,0,91,91,91,91,0,"xfdesktop-settings"
"xkbcomp",0,0,0,0,80,80,80,80,0,"xkbcomp"
"nstat",0,0,0,0,19,19,19,19,0,"nstat"
"git",0,0,0,0,21,21,21,21,0,"git"
"[",0,0,0,0,80,80,80,80,0,"["
"tr",0,0,0,0,80,80,80,80,0,"tr"
"futility",0,0,0,0,80,80,80,80,0,"futility"
"grub-mkrescue",21,21,21,21,80,80,80,80,0,"grub-mkrescue"
"xfce4-power-manager-settings",0,0,0,0,91,91,91,91,0,"xfce4-power-manager-settings"
"bootctl",0,0,0,0,34,34,34,34,0,"bootctl"
"ophcrack",0,0,0,0,19,19,19,19,0,"ophcrack"
"passwd",0,0,0,0,90,90,90,90,0,"passwd"
"ntlm_brute",0,0,0,0,80,80,80,80,0,"ntlm_brute"
"rb",0,0,0,0,80,80,80,80,0,"rb"
"hydra",0,0,0,0,19,19,19,19,0,"hydra"
"kismet_cap_nrf_52840",0,0,0,0,74,74,74,74,0,"kismet_cap_nrf_52840"
"xfce4-mime-helper",0,0,0,0,91,91,91,91,0,"xfce4-mime-helper"
"grub-mkrelpath",21,21,21,21,80,80,80,80,0,"grub-mkrelpath"
"citrix",0,0,0,0,80,80,80,80,0,"citrix"
"generic_send_udp",0,0,0,0,80,80,80,80,0,"generic_send_udp"
"cpio",76,76,76,76,80,80,80,80,0,"cpio"
"atk6-fake_router26",0,0,0,0,80,80,80,80,0,"atk6-fake_router26"
"dpkg",0,0,0,0,90,90,90,90,0,"dpkg"
"grub-script-check",21,21,21,21,80,80,80,80,0,"grub-script-check"
"gio",0,0,0,0,91,91,91,91,0,"gio"
"x86_64-linux-gnu-objcopy",2,2,2,2,82,82,82,82,2,"x86_64-linux-gnu-objcopy"
"broadwayd",0,0,0,0,99,99,99,99,0,"broadwayd"
"btrfs-select-super",0,0,0,0,97,97,97,97,0,"btrfs-select-super"
