"","filename","version","vuln_count","date"
"1","3proxy","version_0.4",969,"2021-01-07"
"2","3proxy","version_0.5",70,"2021-07-05"
"3","3proxy","version_0.6",73,"2022-06-10"
"4","ab","version_0.4",44,"2021-01-07"
"5","ab","version_0.5",9,"2021-07-05"
"6","ab","version_0.6",9,"2022-06-10"
"7","ag","version_0.4",2206,"2021-01-07"
"8","ag","version_0.5",69,"2021-07-05"
"9","ag","version_0.6",164,"2022-06-10"
"10","airdecap-ng","version_0.4",174,"2021-01-07"
"11","airdecap-ng","version_0.5",96,"2021-07-05"
"12","airdecap-ng","version_0.6",54,"2022-06-10"
"13","airolib-ng","version_0.4",93,"2021-01-07"
"14","airolib-ng","version_0.5",41,"2021-07-05"
"15","airolib-ng","version_0.6",41,"2022-06-10"
"16","apt-cache","version_0.4",331,"2021-01-07"
"17","apt-cache","version_0.5",86,"2021-07-05"
"18","apt-cache","version_0.6",115,"2022-06-10"
"19","apt-ftparchive","version_0.4",1084,"2021-01-07"
"20","apt-ftparchive","version_0.5",433,"2021-07-05"
"21","apt-ftparchive","version_0.6",420,"2022-06-10"
"22","apt-mark","version_0.4",102,"2021-01-07"
"23","apt-mark","version_0.5",40,"2021-07-05"
"24","apt-mark","version_0.6",38,"2022-06-10"
"25","ar","version_0.4",2500,"2021-01-07"
"26","ar","version_0.5",0,"2021-07-05"
"27","ar","version_0.6",0,"2022-06-10"
"28","aria_chk","version_0.4",0,"2021-01-07"
"29","aria_chk","version_0.5",0,"2021-07-05"
"30","aria_chk","version_0.6",0,"2022-06-10"
"31","aria_dump_log","version_0.4",3299,"2021-01-07"
"32","aria_dump_log","version_0.5",807,"2021-07-05"
"33","aria_dump_log","version_0.6",944,"2022-06-10"
"34","aria_ftdump","version_0.4",3350,"2021-01-07"
"35","aria_ftdump","version_0.5",824,"2021-07-05"
"36","aria_ftdump","version_0.6",969,"2022-06-10"
"37","aria_pack","version_0.4",3402,"2021-01-07"
"38","aria_pack","version_0.5",819,"2021-07-05"
"39","aria_pack","version_0.6",983,"2022-06-10"
"40","aria_read_log","version_0.4",3987,"2021-01-07"
"41","aria_read_log","version_0.5",869,"2021-07-05"
"42","aria_read_log","version_0.6",1058,"2022-06-10"
"43","arj","version_0.4",437,"2021-01-07"
"44","arj","version_0.5",310,"2021-07-05"
"45","arj","version_0.6",297,"2022-06-10"
"46","aspell","version_0.4",605,"2021-01-07"
"47","aspell","version_0.5",246,"2021-07-05"
"48","aspell","version_0.6",333,"2022-06-10"
"49","atk6-alive6","version_0.4",0,"2021-01-07"
"50","atk6-alive6","version_0.5",0,"2021-07-05"
"51","atk6-alive6","version_0.6",0,"2022-06-10"
"52","atk6-dnsdict6","version_0.4",0,"2021-01-07"
"53","atk6-dnsdict6","version_0.5",0,"2021-07-05"
"54","atk6-dnsdict6","version_0.6",0,"2022-06-10"
"55","atk6-fake_router26","version_0.4",95,"2021-01-07"
"56","atk6-fake_router26","version_0.5",104,"2021-07-05"
"57","atk6-fake_router26","version_0.6",113,"2022-06-10"
"58","atk6-firewall6","version_0.4",87,"2021-01-07"
"59","atk6-firewall6","version_0.5",95,"2021-07-05"
"60","atk6-firewall6","version_0.6",94,"2022-06-10"
"61","atk6-fragmentation6","version_0.4",22,"2021-01-07"
"62","atk6-fragmentation6","version_0.5",0,"2021-07-05"
"63","atk6-fragmentation6","version_0.6",0,"2022-06-10"
"64","atk6-fragrouter6","version_0.4",76,"2021-01-07"
"65","atk6-fragrouter6","version_0.5",84,"2021-07-05"
"66","atk6-fragrouter6","version_0.6",109,"2022-06-10"
"67","atk6-fuzz_dhcps6","version_0.4",92,"2021-01-07"
"68","atk6-fuzz_dhcps6","version_0.5",111,"2021-07-05"
"69","atk6-fuzz_dhcps6","version_0.6",107,"2022-06-10"
"70","atk6-fuzz_ip6","version_0.4",84,"2021-01-07"
"71","atk6-fuzz_ip6","version_0.5",115,"2021-07-05"
"72","atk6-fuzz_ip6","version_0.6",126,"2022-06-10"
"73","atk6-implementation6","version_0.4",81,"2021-01-07"
"74","atk6-implementation6","version_0.5",119,"2021-07-05"
"75","atk6-implementation6","version_0.6",103,"2022-06-10"
"76","atk6-thcping6","version_0.4",0,"2021-01-07"
"77","atk6-thcping6","version_0.5",0,"2021-07-05"
"78","atk6-thcping6","version_0.6",0,"2022-06-10"
"79","atk6-trace6","version_0.4",118,"2021-01-07"
"80","atk6-trace6","version_0.5",82,"2021-07-05"
"81","atk6-trace6","version_0.6",84,"2022-06-10"
"82","atril","version_0.4",0,"2021-01-07"
"83","atril","version_0.5",0,"2021-07-05"
"84","atril","version_0.6",0,"2022-06-10"
"85","atril-previewer","version_0.4",21,"2021-01-07"
"86","atril-previewer","version_0.5",1,"2021-07-05"
"87","atril-previewer","version_0.6",1,"2022-06-10"
"88","axel","version_0.4",164,"2021-01-07"
"89","axel","version_0.5",43,"2021-07-05"
"90","axel","version_0.6",44,"2022-06-10"
"91","b2sum","version_0.4",32,"2021-01-07"
"92","b2sum","version_0.5",24,"2021-07-05"
"93","b2sum","version_0.6",29,"2022-06-10"
"94","basenc","version_0.4",19,"2021-01-07"
"95","basenc","version_0.5",18,"2021-07-05"
"96","basenc","version_0.6",17,"2022-06-10"
"97","bash","version_0.4",2025,"2021-01-07"
"98","bash","version_0.5",1599,"2021-07-05"
"99","bash","version_0.6",0,"2022-06-10"
"100","bccmd","version_0.4",63,"2021-01-07"
"101","bccmd","version_0.5",42,"2021-07-05"
"102","bccmd","version_0.6",40,"2022-06-10"
"103","bitmap","version_0.4",467,"2021-01-07"
"104","bitmap","version_0.5",32,"2021-07-05"
"105","bitmap","version_0.6",32,"2022-06-10"
"106","bluemoon","version_0.4",17,"2021-01-07"
"107","bluemoon","version_0.5",51,"2021-07-05"
"108","bluemoon","version_0.6",9,"2022-06-10"
"109","bluetoothctl","version_0.4",261,"2021-01-07"
"110","bluetoothctl","version_0.5",106,"2021-07-05"
"111","bluetoothctl","version_0.6",56,"2022-06-10"
"112","bootctl","version_0.4",66,"2021-01-07"
"113","bootctl","version_0.5",41,"2021-07-05"
"114","bootctl","version_0.6",39,"2022-06-10"
"115","broadwayd","version_0.4",73,"2021-01-07"
"116","broadwayd","version_0.5",11,"2021-07-05"
"117","broadwayd","version_0.6",12,"2022-06-10"
"118","btattach","version_0.4",19,"2021-01-07"
"119","btattach","version_0.5",65,"2021-07-05"
"120","btattach","version_0.6",13,"2022-06-10"
"121","btmgmt","version_0.4",188,"2021-01-07"
"122","btmgmt","version_0.5",152,"2021-07-05"
"123","btmgmt","version_0.6",105,"2022-06-10"
"124","btmon","version_0.4",333,"2021-01-07"
"125","btmon","version_0.5",185,"2021-07-05"
"126","btmon","version_0.6",68,"2022-06-10"
"127","btrfs","version_0.4",1572,"2021-01-07"
"128","btrfs","version_0.5",0,"2021-07-05"
"129","btrfs","version_0.6",437,"2022-06-10"
"130","btrfs-debug-tree","version_0.4",806,"2021-01-07"
"131","btrfs-debug-tree","version_0.5",0,"2021-07-05"
"132","btrfs-debug-tree","version_0.6",188,"2022-06-10"
"133","btrfs-find-root","version_0.4",791,"2021-01-07"
"134","btrfs-find-root","version_0.5",0,"2021-07-05"
"135","btrfs-find-root","version_0.6",182,"2022-06-10"
"136","btrfs-image","version_0.4",881,"2021-01-07"
"137","btrfs-image","version_0.5",271,"2021-07-05"
"138","btrfs-image","version_0.6",200,"2022-06-10"
"139","btrfs-map-logical","version_0.4",790,"2021-01-07"
"140","btrfs-map-logical","version_0.5",0,"2021-07-05"
"141","btrfs-map-logical","version_0.6",181,"2022-06-10"
"142","btrfs-select-super","version_0.4",786,"2021-01-07"
"143","btrfs-select-super","version_0.5",0,"2021-07-05"
"144","btrfs-select-super","version_0.6",182,"2022-06-10"
"145","btrfs-zero-log","version_0.4",786,"2021-01-07"
"146","btrfs-zero-log","version_0.5",0,"2021-07-05"
"147","btrfs-zero-log","version_0.6",182,"2022-06-10"
"148","btrfstune","version_0.4",787,"2021-01-07"
"149","btrfstune","version_0.5",0,"2021-07-05"
"150","btrfstune","version_0.6",164,"2022-06-10"
"151","bulk_extractor","version_0.4",4333,"2021-01-07"
"152","bulk_extractor","version_0.5",2336,"2021-07-05"
"153","bulk_extractor","version_0.6",1374,"2022-06-10"
"154","bully","version_0.4",408,"2021-01-07"
"155","bully","version_0.5",185,"2021-07-05"
"156","bully","version_0.6",200,"2022-06-10"
"157","busctl","version_0.4",43,"2021-01-07"
"158","busctl","version_0.5",0,"2021-07-05"
"159","busctl","version_0.6",0,"2022-06-10"
"160","busybox","version_0.4",0,"2021-01-07"
"161","busybox","version_0.5",0,"2021-07-05"
"162","busybox","version_0.6",0,"2022-06-10"
"163","bwrap","version_0.4",42,"2021-01-07"
"164","bwrap","version_0.5",32,"2021-07-05"
"165","bwrap","version_0.6",39,"2022-06-10"
"166","cadaver","version_0.4",139,"2021-01-07"
"167","cadaver","version_0.5",102,"2021-07-05"
"168","cadaver","version_0.6",96,"2022-06-10"
"169","cgpt","version_0.4",72,"2021-01-07"
"170","cgpt","version_0.5",26,"2021-07-05"
"171","cgpt","version_0.6",38,"2022-06-10"
"172","chage","version_0.4",79,"2021-01-07"
"173","chage","version_0.5",29,"2021-07-05"
"174","chage","version_0.6",38,"2022-06-10"
"175","chcon","version_0.4",175,"2021-01-07"
"176","chcon","version_0.5",29,"2021-07-05"
"177","chcon","version_0.6",36,"2022-06-10"
"178","cherrytree","version_0.4",0,"2021-01-07"
"179","cherrytree","version_0.5",0,"2021-07-05"
"180","cherrytree","version_0.6",261,"2022-06-10"
"181","chfn","version_0.4",61,"2021-01-07"
"182","chfn","version_0.5",31,"2021-07-05"
"183","chfn","version_0.6",38,"2022-06-10"
"184","chgrp","version_0.4",193,"2021-01-07"
"185","chgrp","version_0.5",32,"2021-07-05"
"186","chgrp","version_0.6",39,"2022-06-10"
"187","chmod","version_0.4",195,"2021-01-07"
"188","chmod","version_0.5",30,"2021-07-05"
"189","chmod","version_0.6",62,"2022-06-10"
"190","choom","version_0.4",34,"2021-01-07"
"191","choom","version_0.5",18,"2021-07-05"
"192","choom","version_0.6",23,"2022-06-10"
"193","chown","version_0.4",194,"2021-01-07"
"194","chown","version_0.5",33,"2021-07-05"
"195","chown","version_0.6",41,"2022-06-10"
"196","chsh","version_0.4",65,"2021-01-07"
"197","chsh","version_0.5",25,"2021-07-05"
"198","chsh","version_0.6",31,"2022-06-10"
"199","cifsdd","version_0.4",38,"2021-01-07"
"200","cifsdd","version_0.5",16,"2021-07-05"
"201","cifsdd","version_0.6",14,"2022-06-10"
"202","ciptool","version_0.4",77,"2021-01-07"
"203","ciptool","version_0.5",55,"2021-07-05"
"204","ciptool","version_0.6",68,"2022-06-10"
"205","citrix","version_0.4",343,"2021-01-07"
"206","citrix","version_0.5",111,"2021-07-05"
"207","citrix","version_0.6",119,"2022-06-10"
"208","cjpeg","version_0.4",27,"2021-01-07"
"209","cjpeg","version_0.5",3,"2021-07-05"
"210","cjpeg","version_0.6",5,"2022-06-10"
"211","closed_source_web_server_fuzz","version_0.4",358,"2021-01-07"
"212","closed_source_web_server_fuzz","version_0.5",119,"2021-07-05"
"213","closed_source_web_server_fuzz","version_0.6",122,"2022-06-10"
"214","cluster","version_0.4",477,"2021-01-07"
"215","cluster","version_0.5",0,"2021-07-05"
"216","cluster","version_0.6",0,"2022-06-10"
"217","colormgr","version_0.4",0,"2021-01-07"
"218","colormgr","version_0.5",0,"2021-07-05"
"219","colormgr","version_0.6",0,"2022-06-10"
"220","column","version_0.4",61,"2021-01-07"
"221","column","version_0.5",49,"2021-07-05"
"222","column","version_0.6",55,"2022-06-10"
"223","corkscrew","version_0.4",414,"2021-01-07"
"224","corkscrew","version_0.5",15,"2021-07-05"
"225","corkscrew","version_0.6",13,"2022-06-10"
"226","cp","version_0.4",703,"2021-01-07"
"227","cp","version_0.5",101,"2021-07-05"
"228","cp","version_0.6",141,"2022-06-10"
"229","cpio","version_0.4",412,"2021-01-07"
"230","cpio","version_0.5",151,"2021-07-05"
"231","cpio","version_0.6",167,"2022-06-10"
"232","crunch","version_0.4",163,"2021-01-07"
"233","crunch","version_0.5",111,"2021-07-05"
"234","crunch","version_0.6",169,"2022-06-10"
"235","csplit","version_0.4",472,"2021-01-07"
"236","csplit","version_0.5",124,"2021-07-05"
"237","csplit","version_0.6",133,"2022-06-10"
"238","curl","version_0.4",325,"2021-01-07"
"239","curl","version_0.5",61,"2021-07-05"
"240","curl","version_0.6",91,"2022-06-10"
"241","curlftpfs","version_0.4",32,"2021-01-07"
"242","curlftpfs","version_0.5",30,"2021-07-05"
"243","curlftpfs","version_0.6",28,"2022-06-10"
"244","cutycapt","version_0.4",28,"2021-01-07"
"245","cutycapt","version_0.5",2,"2021-07-05"
"246","cutycapt","version_0.6",2,"2022-06-10"
"247","cvtsudoers","version_0.4",450,"2021-01-07"
"248","cvtsudoers","version_0.5",176,"2021-07-05"
"249","cvtsudoers","version_0.6",134,"2022-06-10"
"250","dash","version_0.4",131,"2021-01-07"
"251","dash","version_0.5",53,"2021-07-05"
"252","dash","version_0.6",63,"2022-06-10"
"253","date","version_0.4",98,"2021-01-07"
"254","date","version_0.5",72,"2021-07-05"
"255","date","version_0.6",77,"2022-06-10"
"256","dbd","version_0.4",117,"2021-01-07"
"257","dbd","version_0.5",33,"2021-07-05"
"258","dbd","version_0.6",33,"2022-06-10"
"259","dbus-daemon","version_0.4",442,"2021-01-07"
"260","dbus-daemon","version_0.5",20,"2021-07-05"
"261","dbus-daemon","version_0.6",58,"2022-06-10"
"262","dceoversmb","version_0.4",366,"2021-01-07"
"263","dceoversmb","version_0.5",126,"2021-07-05"
"264","dceoversmb","version_0.6",125,"2022-06-10"
"265","dd","version_0.4",96,"2021-01-07"
"266","dd","version_0.5",63,"2021-07-05"
"267","dd","version_0.6",64,"2022-06-10"
"268","desktop-file-install","version_0.4",83,"2021-01-07"
"269","desktop-file-install","version_0.5",0,"2021-07-05"
"270","desktop-file-install","version_0.6",0,"2022-06-10"
"271","desktop-file-validate","version_0.4",82,"2021-01-07"
"272","desktop-file-validate","version_0.5",0,"2021-07-05"
"273","desktop-file-validate","version_0.6",0,"2022-06-10"
"274","df","version_0.4",171,"2021-01-07"
"275","df","version_0.5",71,"2021-07-05"
"276","df","version_0.6",85,"2022-06-10"
"277","diff","version_0.4",883,"2021-01-07"
"278","diff","version_0.5",223,"2021-07-05"
"279","diff","version_0.6",247,"2022-06-10"
"280","diff3","version_0.4",105,"2021-01-07"
"281","diff3","version_0.5",53,"2021-07-05"
"282","diff3","version_0.6",55,"2022-06-10"
"283","dig","version_0.4",405,"2021-01-07"
"284","dig","version_0.5",173,"2021-07-05"
"285","dig","version_0.6",135,"2022-06-10"
"286","dir","version_0.4",233,"2021-01-07"
"287","dir","version_0.5",158,"2021-07-05"
"288","dir","version_0.6",123,"2022-06-10"
"289","dirb","version_0.4",73,"2021-01-07"
"290","dirb","version_0.5",81,"2021-07-05"
"291","dirb","version_0.6",84,"2022-06-10"
"292","dirmngr","version_0.4",981,"2021-01-07"
"293","dirmngr","version_0.5",527,"2021-07-05"
"294","dirmngr","version_0.6",531,"2022-06-10"
"295","dirmngr-client","version_0.4",137,"2021-01-07"
"296","dirmngr-client","version_0.5",93,"2021-07-05"
"297","dirmngr-client","version_0.6",92,"2022-06-10"
"298","dmesg","version_0.4",28,"2021-01-07"
"299","dmesg","version_0.5",28,"2021-07-05"
"300","dmesg","version_0.6",28,"2022-06-10"
"301","dns2tcpc","version_0.4",84,"2021-01-07"
"302","dns2tcpc","version_0.5",32,"2021-07-05"
"303","dns2tcpc","version_0.6",33,"2022-06-10"
"304","dns2tcpd","version_0.4",110,"2021-01-07"
"305","dns2tcpd","version_0.5",40,"2021-07-05"
"306","dns2tcpd","version_0.6",47,"2022-06-10"
"307","dos2unix","version_0.4",88,"2021-01-07"
"308","dos2unix","version_0.5",5,"2021-07-05"
"309","dos2unix","version_0.6",7,"2022-06-10"
"310","do_post","version_0.4",350,"2021-01-07"
"311","do_post","version_0.5",122,"2021-07-05"
"312","do_post","version_0.6",123,"2022-06-10"
"313","dpkg","version_0.4",601,"2021-01-07"
"314","dpkg","version_0.5",178,"2021-07-05"
"315","dpkg","version_0.6",187,"2022-06-10"
"316","dpkg-deb","version_0.4",211,"2021-01-07"
"317","dpkg-deb","version_0.5",95,"2021-07-05"
"318","dpkg-deb","version_0.6",92,"2022-06-10"
"319","dpkg-divert","version_0.4",251,"2021-01-07"
"320","dpkg-divert","version_0.5",92,"2021-07-05"
"321","dpkg-divert","version_0.6",93,"2022-06-10"
"322","dpkg-query","version_0.4",275,"2021-01-07"
"323","dpkg-query","version_0.5",109,"2021-07-05"
"324","dpkg-query","version_0.6",108,"2022-06-10"
"325","dpkg-split","version_0.4",219,"2021-01-07"
"326","dpkg-split","version_0.5",82,"2021-07-05"
"327","dpkg-split","version_0.6",80,"2022-06-10"
"328","dpkg-statoverride","version_0.4",63,"2021-01-07"
"329","dpkg-statoverride","version_0.5",29,"2021-07-05"
"330","dpkg-statoverride","version_0.6",30,"2022-06-10"
"331","dpkg-trigger","version_0.4",78,"2021-01-07"
"332","dpkg-trigger","version_0.5",33,"2021-07-05"
"333","dpkg-trigger","version_0.6",30,"2022-06-10"
"334","du","version_0.4",677,"2021-01-07"
"335","du","version_0.5",159,"2021-07-05"
"336","du","version_0.6",178,"2022-06-10"
"337","dumpcap","version_0.4",196,"2021-01-07"
"338","dumpcap","version_0.5",33,"2021-07-05"
"339","dumpcap","version_0.6",35,"2022-06-10"
"340","dumpkeys","version_0.4",87,"2021-01-07"
"341","dumpkeys","version_0.5",31,"2021-07-05"
"342","dumpkeys","version_0.6",33,"2022-06-10"
"343","ed","version_0.4",48,"2021-01-07"
"344","ed","version_0.5",47,"2021-07-05"
"345","ed","version_0.6",62,"2022-06-10"
"346","edgepaint","version_0.4",412,"2021-01-07"
"347","edgepaint","version_0.5",323,"2021-07-05"
"348","edgepaint","version_0.6",432,"2022-06-10"
"349","editcap","version_0.4",41,"2021-01-07"
"350","editcap","version_0.5",9,"2021-07-05"
"351","editcap","version_0.6",8,"2022-06-10"
"352","editres","version_0.4",86,"2021-01-07"
"353","editres","version_0.5",22,"2021-07-05"
"354","editres","version_0.6",27,"2022-06-10"
"355","eject","version_0.4",75,"2021-01-07"
"356","eject","version_0.5",54,"2021-07-05"
"357","eject","version_0.6",66,"2022-06-10"
"358","engrampa","version_0.4",550,"2021-01-07"
"359","engrampa","version_0.5",1,"2021-07-05"
"360","engrampa","version_0.6",0,"2022-06-10"
"361","eqn","version_0.4",0,"2021-01-07"
"362","eqn","version_0.5",0,"2021-07-05"
"363","eqn","version_0.6",0,"2022-06-10"
"364","etterfilter","version_0.4",64,"2021-01-07"
"365","etterfilter","version_0.5",35,"2021-07-05"
"366","etterfilter","version_0.6",32,"2022-06-10"
"367","etterlog","version_0.4",67,"2021-01-07"
"368","etterlog","version_0.5",13,"2021-07-05"
"369","etterlog","version_0.6",15,"2022-06-10"
"370","exiv2","version_0.4",610,"2021-01-07"
"371","exiv2","version_0.5",373,"2021-07-05"
"372","exiv2","version_0.6",396,"2022-06-10"
"373","exo-desktop-item-edit","version_0.4",36,"2021-01-07"
"374","exo-desktop-item-edit","version_0.5",1,"2021-07-05"
"375","exo-desktop-item-edit","version_0.6",2,"2022-06-10"
"376","expr","version_0.4",476,"2021-01-07"
"377","expr","version_0.5",161,"2021-07-05"
"378","expr","version_0.6",156,"2022-06-10"
"379","factor","version_0.4",116,"2021-01-07"
"380","factor","version_0.5",54,"2021-07-05"
"381","factor","version_0.6",49,"2022-06-10"
"382","fastjar","version_0.4",89,"2021-01-07"
"383","fastjar","version_0.5",58,"2021-07-05"
"384","fastjar","version_0.6",49,"2022-06-10"
"385","fidentify","version_0.4",0,"2021-01-07"
"386","fidentify","version_0.5",0,"2021-07-05"
"387","fidentify","version_0.6",0,"2022-06-10"
"388","filan","version_0.4",47,"2021-01-07"
"389","filan","version_0.5",73,"2021-07-05"
"390","filan","version_0.6",76,"2022-06-10"
"391","file","version_0.4",27,"2021-01-07"
"392","file","version_0.5",87,"2021-07-05"
"393","file","version_0.6",64,"2022-06-10"
"394","find","version_0.4",0,"2021-01-07"
"395","find","version_0.5",0,"2021-07-05"
"396","find","version_0.6",0,"2022-06-10"
"397","findmnt","version_0.4",11,"2021-01-07"
"398","findmnt","version_0.5",19,"2021-07-05"
"399","findmnt","version_0.6",20,"2022-06-10"
"400","fish","version_0.4",0,"2021-01-07"
"401","fish","version_0.5",0,"2021-07-05"
"402","fish","version_0.6",0,"2022-06-10"
"403","fiwalk","version_0.4",0,"2021-01-07"
"404","fiwalk","version_0.5",0,"2021-07-05"
"405","fiwalk","version_0.6",0,"2022-06-10"
"406","flac","version_0.4",408,"2021-01-07"
"407","flac","version_0.5",96,"2021-07-05"
"408","flac","version_0.6",104,"2022-06-10"
"409","futility","version_0.4",200,"2021-01-07"
"410","futility","version_0.5",187,"2021-07-05"
"411","futility","version_0.6",247,"2022-06-10"
"412","g-ir-compiler","version_0.4",0,"2021-01-07"
"413","g-ir-compiler","version_0.5",0,"2021-07-05"
"414","g-ir-compiler","version_0.6",0,"2022-06-10"
"415","gatttool","version_0.4",331,"2021-01-07"
"416","gatttool","version_0.5",212,"2021-07-05"
"417","gatttool","version_0.6",124,"2022-06-10"
"418","gawk","version_0.4",0,"2021-01-07"
"419","gawk","version_0.5",0,"2021-07-05"
"420","gawk","version_0.6",0,"2022-06-10"
"421","gdbus","version_0.4",42,"2021-01-07"
"422","gdbus","version_0.5",12,"2021-07-05"
"423","gdbus","version_0.6",9,"2022-06-10"
"424","generic_chunked","version_0.4",357,"2021-01-07"
"425","generic_chunked","version_0.5",114,"2021-07-05"
"426","generic_chunked","version_0.6",122,"2022-06-10"
"427","generic_listen_tcp","version_0.4",347,"2021-01-07"
"428","generic_listen_tcp","version_0.5",110,"2021-07-05"
"429","generic_listen_tcp","version_0.6",118,"2022-06-10"
"430","generic_send_tcp","version_0.4",342,"2021-01-07"
"431","generic_send_tcp","version_0.5",110,"2021-07-05"
"432","generic_send_tcp","version_0.6",118,"2022-06-10"
"433","generic_send_udp","version_0.4",340,"2021-01-07"
"434","generic_send_udp","version_0.5",110,"2021-07-05"
"435","generic_send_udp","version_0.6",118,"2022-06-10"
"436","generic_web_server_fuzz","version_0.4",358,"2021-01-07"
"437","generic_web_server_fuzz","version_0.5",114,"2021-07-05"
"438","generic_web_server_fuzz","version_0.6",122,"2022-06-10"
"439","generic_web_server_fuzz2","version_0.4",365,"2021-01-07"
"440","generic_web_server_fuzz2","version_0.5",114,"2021-07-05"
"441","generic_web_server_fuzz2","version_0.6",122,"2022-06-10"
"442","gio","version_0.4",4,"2021-01-07"
"443","gio","version_0.5",47,"2021-07-05"
"444","gio","version_0.6",46,"2022-06-10"
"445","git","version_0.4",0,"2021-01-07"
"446","git","version_0.5",0,"2021-07-05"
"447","git","version_0.6",0,"2022-06-10"
"448","git-shell","version_0.4",0,"2021-01-07"
"449","git-shell","version_0.5",1938,"2021-07-05"
"450","git-shell","version_0.6",1390,"2022-06-10"
"451","gnome-keyring-daemon","version_0.4",0,"2021-01-07"
"452","gnome-keyring-daemon","version_0.5",0,"2021-07-05"
"453","gnome-keyring-daemon","version_0.6",0,"2022-06-10"
"454","gopherd","version_0.4",345,"2021-01-07"
"455","gopherd","version_0.5",112,"2021-07-05"
"456","gopherd","version_0.6",118,"2022-06-10"
"457","gpasswd","version_0.4",109,"2021-01-07"
"458","gpasswd","version_0.5",66,"2021-07-05"
"459","gpasswd","version_0.6",70,"2022-06-10"
"460","gpg","version_0.4",0,"2021-01-07"
"461","gpg","version_0.5",0,"2021-07-05"
"462","gpg","version_0.6",0,"2022-06-10"
"463","gpg-agent","version_0.4",593,"2021-01-07"
"464","gpg-agent","version_0.5",369,"2021-07-05"
"465","gpg-agent","version_0.6",349,"2022-06-10"
"466","gpg-connect-agent","version_0.4",288,"2021-01-07"
"467","gpg-connect-agent","version_0.5",136,"2021-07-05"
"468","gpg-connect-agent","version_0.6",136,"2022-06-10"
"469","gpg-wks-server","version_0.4",454,"2021-01-07"
"470","gpg-wks-server","version_0.5",161,"2021-07-05"
"471","gpg-wks-server","version_0.6",179,"2022-06-10"
"472","gpgcompose","version_0.4",0,"2021-01-07"
"473","gpgcompose","version_0.5",0,"2021-07-05"
"474","gpgcompose","version_0.6",0,"2022-06-10"
"475","gpgconf","version_0.4",159,"2021-01-07"
"476","gpgconf","version_0.5",95,"2021-07-05"
"477","gpgconf","version_0.6",91,"2022-06-10"
"478","gpgsm","version_0.4",817,"2021-01-07"
"479","gpgsm","version_0.5",370,"2021-07-05"
"480","gpgsm","version_0.6",405,"2022-06-10"
"481","gpgsplit","version_0.4",82,"2021-01-07"
"482","gpgsplit","version_0.5",67,"2021-07-05"
"483","gpgsplit","version_0.6",67,"2022-06-10"
"484","gpgtar","version_0.4",300,"2021-01-07"
"485","gpgtar","version_0.5",126,"2021-07-05"
"486","gpgtar","version_0.6",127,"2022-06-10"
"487","gpgv","version_0.4",1244,"2021-01-07"
"488","gpgv","version_0.5",294,"2021-07-05"
"489","gpgv","version_0.6",353,"2022-06-10"
"490","grep","version_0.4",689,"2021-01-07"
"491","grep","version_0.5",186,"2021-07-05"
"492","grep","version_0.6",241,"2022-06-10"
"493","grepjar","version_0.4",448,"2021-01-07"
"494","grepjar","version_0.5",124,"2021-07-05"
"495","grepjar","version_0.6",132,"2022-06-10"
"496","groff","version_0.4",318,"2021-01-07"
"497","groff","version_0.5",186,"2021-07-05"
"498","groff","version_0.6",212,"2022-06-10"
"499","grops","version_0.4",439,"2021-01-07"
"500","grops","version_0.5",218,"2021-07-05"
"501","grops","version_0.6",309,"2022-06-10"
"502","grotty","version_0.4",321,"2021-01-07"
"503","grotty","version_0.5",149,"2021-07-05"
"504","grotty","version_0.6",204,"2022-06-10"
"505","grub-editenv","version_0.4",1074,"2021-01-07"
"506","grub-editenv","version_0.5",121,"2021-07-05"
"507","grub-editenv","version_0.6",188,"2022-06-10"
"508","grub-file","version_0.4",0,"2021-01-07"
"509","grub-file","version_0.5",0,"2021-07-05"
"510","grub-file","version_0.6",0,"2022-06-10"
"511","grub-fstest","version_0.4",0,"2021-01-07"
"512","grub-fstest","version_0.5",0,"2021-07-05"
"513","grub-fstest","version_0.6",0,"2022-06-10"
"514","grub-glue-efi","version_0.4",1072,"2021-01-07"
"515","grub-glue-efi","version_0.5",123,"2021-07-05"
"516","grub-glue-efi","version_0.6",188,"2022-06-10"
"517","grub-menulst2cfg","version_0.4",265,"2021-01-07"
"518","grub-menulst2cfg","version_0.5",94,"2021-07-05"
"519","grub-menulst2cfg","version_0.6",135,"2022-06-10"
"520","grub-mkfont","version_0.4",1109,"2021-01-07"
"521","grub-mkfont","version_0.5",131,"2021-07-05"
"522","grub-mkfont","version_0.6",199,"2022-06-10"
"523","grub-mkimage","version_0.4",1478,"2021-01-07"
"524","grub-mkimage","version_0.5",189,"2021-07-05"
"525","grub-mkimage","version_0.6",282,"2022-06-10"
"526","grub-mklayout","version_0.4",0,"2021-01-07"
"527","grub-mklayout","version_0.5",0,"2021-07-05"
"528","grub-mklayout","version_0.6",0,"2022-06-10"
"529","grub-mknetdir","version_0.4",1575,"2021-01-07"
"530","grub-mknetdir","version_0.5",246,"2021-07-05"
"531","grub-mknetdir","version_0.6",427,"2022-06-10"
"532","grub-mkpasswd-pbkdf2","version_0.4",1094,"2021-01-07"
"533","grub-mkpasswd-pbkdf2","version_0.5",128,"2021-07-05"
"534","grub-mkpasswd-pbkdf2","version_0.6",191,"2022-06-10"
"535","grub-mkrelpath","version_0.4",1073,"2021-01-07"
"536","grub-mkrelpath","version_0.5",127,"2021-07-05"
"537","grub-mkrelpath","version_0.6",189,"2022-06-10"
"538","grub-mkrescue","version_0.4",0,"2021-01-07"
"539","grub-mkrescue","version_0.5",0,"2021-07-05"
"540","grub-mkrescue","version_0.6",0,"2022-06-10"
"541","grub-mkstandalone","version_0.4",1684,"2021-01-07"
"542","grub-mkstandalone","version_0.5",273,"2021-07-05"
"543","grub-mkstandalone","version_0.6",453,"2022-06-10"
"544","grub-mount","version_0.4",0,"2021-01-07"
"545","grub-mount","version_0.5",0,"2021-07-05"
"546","grub-mount","version_0.6",0,"2022-06-10"
"547","grub-render-label","version_0.4",0,"2021-01-07"
"548","grub-render-label","version_0.5",0,"2021-07-05"
"549","grub-render-label","version_0.6",0,"2022-06-10"
"550","grub-script-check","version_0.4",1131,"2021-01-07"
"551","grub-script-check","version_0.5",127,"2021-07-05"
"552","grub-script-check","version_0.6",209,"2022-06-10"
"553","grub-syslinux2cfg","version_0.4",0,"2021-01-07"
"554","grub-syslinux2cfg","version_0.5",0,"2021-07-05"
"555","grub-syslinux2cfg","version_0.6",0,"2022-06-10"
"556","gvmap","version_0.4",477,"2021-01-07"
"557","gvmap","version_0.5",0,"2021-07-05"
"558","gvmap","version_0.6",0,"2022-06-10"
"559","gzip","version_0.4",159,"2021-01-07"
"560","gzip","version_0.5",71,"2021-07-05"
"561","gzip","version_0.6",83,"2022-06-10"
"562","halflife","version_0.4",344,"2021-01-07"
"563","halflife","version_0.5",111,"2021-07-05"
"564","halflife","version_0.6",120,"2022-06-10"
"565","hashcat","version_0.4",2351,"2021-01-07"
"566","hashcat","version_0.5",348,"2021-07-05"
"567","hashcat","version_0.6",370,"2022-06-10"
"568","hashdeep","version_0.4",584,"2021-01-07"
"569","hashdeep","version_0.5",0,"2021-07-05"
"570","hashdeep","version_0.6",0,"2022-06-10"
"571","hciattach","version_0.4",44,"2021-01-07"
"572","hciattach","version_0.5",54,"2021-07-05"
"573","hciattach","version_0.6",53,"2022-06-10"
"574","hciconfig","version_0.4",69,"2021-01-07"
"575","hciconfig","version_0.5",59,"2021-07-05"
"576","hciconfig","version_0.6",59,"2022-06-10"
"577","hcidump","version_0.4",1003,"2021-01-07"
"578","hcidump","version_0.5",107,"2021-07-05"
"579","hcidump","version_0.6",79,"2022-06-10"
"580","hcitool","version_0.4",61,"2021-01-07"
"581","hcitool","version_0.5",69,"2021-07-05"
"582","hcitool","version_0.6",58,"2022-06-10"
"583","heartbleeder","version_0.4",0,"2021-01-07"
"584","heartbleeder","version_0.5",0,"2021-07-05"
"585","heartbleeder","version_0.6",0,"2022-06-10"
"586","hexdump","version_0.4",69,"2021-01-07"
"587","hexdump","version_0.5",29,"2021-07-05"
"588","hexdump","version_0.6",31,"2022-06-10"
"589","hexeditor","version_0.4",97,"2021-01-07"
"590","hexeditor","version_0.5",82,"2021-07-05"
"591","hexeditor","version_0.6",73,"2022-06-10"
"592","host","version_0.4",389,"2021-01-07"
"593","host","version_0.5",72,"2021-07-05"
"594","host","version_0.6",42,"2022-06-10"
"595","hotpatcher","version_0.4",78,"2021-01-07"
"596","hotpatcher","version_0.5",27,"2021-07-05"
"597","hotpatcher","version_0.6",27,"2022-06-10"
"598","ht","version_0.4",0,"2021-01-07"
"599","ht","version_0.5",0,"2021-07-05"
"600","ht","version_0.6",0,"2022-06-10"
"601","htop","version_0.4",2153,"2021-01-07"
"602","htop","version_0.5",71,"2021-07-05"
"603","htop","version_0.6",72,"2022-06-10"
"604","httptunnel-client","version_0.4",242,"2021-01-07"
"605","httptunnel-client","version_0.5",13,"2021-07-05"
"606","httptunnel-client","version_0.6",18,"2022-06-10"
"607","httptunnel-server","version_0.4",279,"2021-01-07"
"608","httptunnel-server","version_0.5",13,"2021-07-05"
"609","httptunnel-server","version_0.6",17,"2022-06-10"
"610","hydra","version_0.4",110,"2021-01-07"
"611","hydra","version_0.5",1,"2021-07-05"
"612","hydra","version_0.6",2,"2022-06-10"
"613","ico","version_0.4",10,"2021-01-07"
"614","ico","version_0.5",0,"2021-07-05"
"615","ico","version_0.6",0,"2022-06-10"
"616","iconv","version_0.4",341,"2021-01-07"
"617","iconv","version_0.5",40,"2021-07-05"
"618","iconv","version_0.6",52,"2022-06-10"
"619","ike-scan","version_0.4",135,"2021-01-07"
"620","ike-scan","version_0.5",73,"2021-07-05"
"621","ike-scan","version_0.6",104,"2022-06-10"
"622","infocmp","version_0.4",0,"2021-01-07"
"623","infocmp","version_0.5",0,"2021-07-05"
"624","infocmp","version_0.6",0,"2022-06-10"
"625","innochecksum","version_0.4",0,"2021-01-07"
"626","innochecksum","version_0.5",0,"2021-07-05"
"627","innochecksum","version_0.6",0,"2022-06-10"
"628","install","version_0.4",503,"2021-01-07"
"629","install","version_0.5",97,"2021-07-05"
"630","install","version_0.6",132,"2022-06-10"
"631","iostat","version_0.4",108,"2021-01-07"
"632","iostat","version_0.5",62,"2021-07-05"
"633","iostat","version_0.6",40,"2022-06-10"
"634","ip","version_0.4",694,"2021-01-07"
"635","ip","version_0.5",205,"2021-07-05"
"636","ip","version_0.6",267,"2022-06-10"
"637","ipcs","version_0.4",37,"2021-01-07"
"638","ipcs","version_0.5",21,"2021-07-05"
"639","ipcs","version_0.6",33,"2022-06-10"
"640","ivstools","version_0.4",108,"2021-01-07"
"641","ivstools","version_0.5",40,"2021-07-05"
"642","ivstools","version_0.6",38,"2022-06-10"
"643","join","version_0.4",41,"2021-01-07"
"644","join","version_0.5",23,"2021-07-05"
"645","join","version_0.6",18,"2022-06-10"
"646","journalctl","version_0.4",74,"2021-01-07"
"647","journalctl","version_0.5",6,"2021-07-05"
"648","journalctl","version_0.6",11,"2022-06-10"
"649","kbxutil","version_0.4",368,"2021-01-07"
"650","kbxutil","version_0.5",145,"2021-07-05"
"651","kbxutil","version_0.6",143,"2022-06-10"
"652","kismetdb_clean","version_0.4",0,"2021-01-07"
"653","kismetdb_clean","version_0.5",0,"2021-07-05"
"654","kismetdb_clean","version_0.6",0,"2022-06-10"
"655","kismetdb_dump_devices","version_0.4",768,"2021-01-07"
"656","kismetdb_dump_devices","version_0.5",37,"2021-07-05"
"657","kismetdb_dump_devices","version_0.6",0,"2022-06-10"
"658","kismetdb_statistics","version_0.4",781,"2021-01-07"
"659","kismetdb_statistics","version_0.5",39,"2021-07-05"
"660","kismetdb_statistics","version_0.6",0,"2022-06-10"
"661","kismetdb_to_gpx","version_0.4",1000,"2021-01-07"
"662","kismetdb_to_gpx","version_0.5",48,"2021-07-05"
"663","kismetdb_to_gpx","version_0.6",0,"2022-06-10"
"664","kismetdb_to_kml","version_0.4",1057,"2021-01-07"
"665","kismetdb_to_kml","version_0.5",39,"2021-07-05"
"666","kismetdb_to_kml","version_0.6",0,"2022-06-10"
"667","kismetdb_to_pcap","version_0.4",0,"2021-01-07"
"668","kismetdb_to_pcap","version_0.5",0,"2021-07-05"
"669","kismetdb_to_pcap","version_0.6",0,"2022-06-10"
"670","kismetdb_to_wiglecsv","version_0.4",1434,"2021-01-07"
"671","kismetdb_to_wiglecsv","version_0.5",48,"2021-07-05"
"672","kismetdb_to_wiglecsv","version_0.6",0,"2022-06-10"
"673","kismet_cap_kismetdb","version_0.4",0,"2021-01-07"
"674","kismet_cap_kismetdb","version_0.5",0,"2021-07-05"
"675","kismet_cap_kismetdb","version_0.6",0,"2022-06-10"
"676","kismet_cap_linux_bluetooth","version_0.4",199,"2021-01-07"
"677","kismet_cap_linux_bluetooth","version_0.5",45,"2021-07-05"
"678","kismet_cap_linux_bluetooth","version_0.6",62,"2022-06-10"
"679","kismet_cap_linux_wifi","version_0.4",250,"2021-01-07"
"680","kismet_cap_linux_wifi","version_0.5",133,"2021-07-05"
"681","kismet_cap_linux_wifi","version_0.6",142,"2022-06-10"
"682","kismet_cap_nrf_51822","version_0.4",179,"2021-01-07"
"683","kismet_cap_nrf_51822","version_0.5",45,"2021-07-05"
"684","kismet_cap_nrf_51822","version_0.6",56,"2022-06-10"
"685","kismet_cap_nrf_52840","version_0.4",196,"2021-01-07"
"686","kismet_cap_nrf_52840","version_0.5",39,"2021-07-05"
"687","kismet_cap_nrf_52840","version_0.6",60,"2022-06-10"
"688","kismet_cap_nrf_mousejack","version_0.4",191,"2021-01-07"
"689","kismet_cap_nrf_mousejack","version_0.5",50,"2021-07-05"
"690","kismet_cap_nrf_mousejack","version_0.6",72,"2022-06-10"
"691","kismet_cap_nxp_kw41z","version_0.4",199,"2021-01-07"
"692","kismet_cap_nxp_kw41z","version_0.5",41,"2021-07-05"
"693","kismet_cap_nxp_kw41z","version_0.6",62,"2022-06-10"
"694","kismet_cap_pcapfile","version_0.4",184,"2021-01-07"
"695","kismet_cap_pcapfile","version_0.5",37,"2021-07-05"
"696","kismet_cap_pcapfile","version_0.6",54,"2022-06-10"
"697","kismet_cap_rz_killerbee","version_0.4",183,"2021-01-07"
"698","kismet_cap_rz_killerbee","version_0.5",42,"2021-07-05"
"699","kismet_cap_rz_killerbee","version_0.6",63,"2022-06-10"
"700","kismet_cap_ti_cc_2531","version_0.4",193,"2021-01-07"
"701","kismet_cap_ti_cc_2531","version_0.5",43,"2021-07-05"
"702","kismet_cap_ti_cc_2531","version_0.6",64,"2022-06-10"
"703","kismet_cap_ti_cc_2540","version_0.4",193,"2021-01-07"
"704","kismet_cap_ti_cc_2540","version_0.5",43,"2021-07-05"
"705","kismet_cap_ti_cc_2540","version_0.6",62,"2022-06-10"
"706","kismet_cap_ubertooth_one","version_0.4",181,"2021-01-07"
"707","kismet_cap_ubertooth_one","version_0.5",41,"2021-07-05"
"708","kismet_cap_ubertooth_one","version_0.6",58,"2022-06-10"
"709","kmod","version_0.4",448,"2021-01-07"
"710","kmod","version_0.5",285,"2021-07-05"
"711","kmod","version_0.6",317,"2022-06-10"
"712","l2ping","version_0.4",28,"2021-01-07"
"713","l2ping","version_0.5",26,"2021-07-05"
"714","l2ping","version_0.6",26,"2022-06-10"
"715","l2test","version_0.4",34,"2021-01-07"
"716","l2test","version_0.5",27,"2021-07-05"
"717","l2test","version_0.6",27,"2022-06-10"
"718","ld","version_0.4",2907,"2021-01-07"
"719","ld","version_0.5",0,"2021-07-05"
"720","ld","version_0.6",0,"2022-06-10"
"721","ldapcompare","version_0.4",70,"2021-01-07"
"722","ldapcompare","version_0.5",43,"2021-07-05"
"723","ldapcompare","version_0.6",36,"2022-06-10"
"724","ldapdelete","version_0.4",68,"2021-01-07"
"725","ldapdelete","version_0.5",68,"2021-07-05"
"726","ldapdelete","version_0.6",30,"2022-06-10"
"727","ldapexop","version_0.4",69,"2021-01-07"
"728","ldapexop","version_0.5",42,"2021-07-05"
"729","ldapexop","version_0.6",36,"2022-06-10"
"730","ldapmodify","version_0.4",92,"2021-01-07"
"731","ldapmodify","version_0.5",42,"2021-07-05"
"732","ldapmodify","version_0.6",31,"2022-06-10"
"733","ldapmodrdn","version_0.4",80,"2021-01-07"
"734","ldapmodrdn","version_0.5",41,"2021-07-05"
"735","ldapmodrdn","version_0.6",30,"2022-06-10"
"736","ldappasswd","version_0.4",69,"2021-01-07"
"737","ldappasswd","version_0.5",44,"2021-07-05"
"738","ldappasswd","version_0.6",33,"2022-06-10"
"739","ldapsearch","version_0.4",90,"2021-01-07"
"740","ldapsearch","version_0.5",86,"2021-07-05"
"741","ldapsearch","version_0.6",52,"2022-06-10"
"742","ldapwhoami","version_0.4",67,"2021-01-07"
"743","ldapwhoami","version_0.5",40,"2021-07-05"
"744","ldapwhoami","version_0.6",29,"2022-06-10"
"745","ldrdf","version_0.4",46,"2021-01-07"
"746","ldrdf","version_0.5",55,"2021-07-05"
"747","ldrdf","version_0.6",29,"2022-06-10"
"748","lefty","version_0.4",490,"2021-01-07"
"749","lefty","version_0.5",268,"2021-07-05"
"750","lefty","version_0.6",280,"2022-06-10"
"751","less","version_0.4",288,"2021-01-07"
"752","less","version_0.5",121,"2021-07-05"
"753","less","version_0.6",132,"2022-06-10"
"754","lexgrog","version_0.4",41,"2021-01-07"
"755","lexgrog","version_0.5",17,"2021-07-05"
"756","lexgrog","version_0.6",20,"2022-06-10"
"757","light-locker","version_0.4",29,"2021-01-07"
"758","light-locker","version_0.5",1,"2021-07-05"
"759","light-locker","version_0.6",0,"2022-06-10"
"760","line_send_tcp","version_0.4",342,"2021-01-07"
"761","line_send_tcp","version_0.5",110,"2021-07-05"
"762","line_send_tcp","version_0.6",118,"2022-06-10"
"763","ln","version_0.4",96,"2021-01-07"
"764","ln","version_0.5",51,"2021-07-05"
"765","ln","version_0.6",66,"2022-06-10"
"766","loadkeys","version_0.4",156,"2021-01-07"
"767","loadkeys","version_0.5",63,"2021-07-05"
"768","loadkeys","version_0.6",66,"2022-06-10"
"769","locale","version_0.4",62,"2021-01-07"
"770","locale","version_0.5",25,"2021-07-05"
"771","locale","version_0.6",21,"2022-06-10"
"772","localedef","version_0.4",1235,"2021-01-07"
"773","localedef","version_0.5",334,"2021-07-05"
"774","localedef","version_0.6",0,"2022-06-10"
"775","logger","version_0.4",37,"2021-01-07"
"776","logger","version_0.5",47,"2021-07-05"
"777","logger","version_0.6",41,"2022-06-10"
"778","login","version_0.4",76,"2021-01-07"
"779","login","version_0.5",47,"2021-07-05"
"780","login","version_0.6",56,"2022-06-10"
"781","loginctl","version_0.4",0,"2021-01-07"
"782","loginctl","version_0.5",0,"2021-07-05"
"783","loginctl","version_0.6",1,"2022-06-10"
"784","logtop","version_0.4",1017,"2021-01-07"
"785","logtop","version_0.5",19,"2021-07-05"
"786","logtop","version_0.6",35,"2022-06-10"
"787","lowntfs-3g","version_0.4",140,"2021-01-07"
"788","lowntfs-3g","version_0.5",77,"2021-07-05"
"789","lowntfs-3g","version_0.6",83,"2022-06-10"
"790","ls","version_0.4",233,"2021-01-07"
"791","ls","version_0.5",158,"2021-07-05"
"792","ls","version_0.6",123,"2022-06-10"
"793","lsblk","version_0.4",54,"2021-01-07"
"794","lsblk","version_0.5",48,"2021-07-05"
"795","lsblk","version_0.6",44,"2022-06-10"
"796","lsciphers","version_0.4",0,"2021-01-07"
"797","lsciphers","version_0.5",658,"2021-07-05"
"798","lsciphers","version_0.6",555,"2022-06-10"
"799","lscpu","version_0.4",137,"2021-01-07"
"800","lscpu","version_0.5",66,"2021-07-05"
"801","lscpu","version_0.6",68,"2022-06-10"
"802","lsipc","version_0.4",72,"2021-01-07"
"803","lsipc","version_0.5",38,"2021-07-05"
"804","lsipc","version_0.6",52,"2022-06-10"
"805","lslogins","version_0.4",42,"2021-01-07"
"806","lslogins","version_0.5",46,"2021-07-05"
"807","lslogins","version_0.6",33,"2022-06-10"
"808","lsmem","version_0.4",46,"2021-01-07"
"809","lsmem","version_0.5",28,"2021-07-05"
"810","lsmem","version_0.6",29,"2022-06-10"
"811","lsns","version_0.4",37,"2021-01-07"
"812","lsns","version_0.5",15,"2021-07-05"
"813","lsns","version_0.6",27,"2022-06-10"
"814","lsof","version_0.4",281,"2021-01-07"
"815","lsof","version_0.5",206,"2021-07-05"
"816","lsof","version_0.6",262,"2022-06-10"
"817","lspci","version_0.4",96,"2021-01-07"
"818","lspci","version_0.5",7,"2021-07-05"
"819","lspci","version_0.6",7,"2022-06-10"
"820","lstopo","version_0.4",291,"2021-01-07"
"821","lstopo","version_0.5",44,"2021-07-05"
"822","lstopo","version_0.6",54,"2022-06-10"
"823","lstopo-no-graphics","version_0.4",257,"2021-01-07"
"824","lstopo-no-graphics","version_0.5",44,"2021-07-05"
"825","lstopo-no-graphics","version_0.6",55,"2022-06-10"
"826","lsusb","version_0.4",68,"2021-01-07"
"827","lsusb","version_0.5",0,"2021-07-05"
"828","lsusb","version_0.6",0,"2022-06-10"
"829","luit","version_0.4",31,"2021-01-07"
"830","luit","version_0.5",9,"2021-07-05"
"831","luit","version_0.6",8,"2022-06-10"
"832","make","version_0.4",0,"2021-01-07"
"833","make","version_0.5",0,"2021-07-05"
"834","make","version_0.6",0,"2022-06-10"
"835","man","version_0.4",108,"2021-01-07"
"836","man","version_0.5",61,"2021-07-05"
"837","man","version_0.6",66,"2022-06-10"
"838","mandb","version_0.4",100,"2021-01-07"
"839","mandb","version_0.5",50,"2021-07-05"
"840","mandb","version_0.6",61,"2022-06-10"
"841","mariadb","version_0.4",1522,"2021-01-07"
"842","mariadb","version_0.5",0,"2021-07-05"
"843","mariadb","version_0.6",0,"2022-06-10"
"844","mariadb-admin","version_0.4",1718,"2021-01-07"
"845","mariadb-admin","version_0.5",753,"2021-07-05"
"846","mariadb-admin","version_0.6",862,"2022-06-10"
"847","mariadb-binlog","version_0.4",0,"2021-01-07"
"848","mariadb-binlog","version_0.5",0,"2021-07-05"
"849","mariadb-binlog","version_0.6",0,"2022-06-10"
"850","mariadb-check","version_0.4",1699,"2021-01-07"
"851","mariadb-check","version_0.5",737,"2021-07-05"
"852","mariadb-check","version_0.6",854,"2022-06-10"
"853","mariadb-conv","version_0.4",1377,"2021-01-07"
"854","mariadb-conv","version_0.5",286,"2021-07-05"
"855","mariadb-conv","version_0.6",321,"2022-06-10"
"856","mariadb-dump","version_0.4",1897,"2021-01-07"
"857","mariadb-dump","version_0.5",770,"2021-07-05"
"858","mariadb-dump","version_0.6",894,"2022-06-10"
"859","mariadb-import","version_0.4",1719,"2021-01-07"
"860","mariadb-import","version_0.5",704,"2021-07-05"
"861","mariadb-import","version_0.6",762,"2022-06-10"
"862","mariadb-plugin","version_0.4",1090,"2021-01-07"
"863","mariadb-plugin","version_0.5",252,"2021-07-05"
"864","mariadb-plugin","version_0.6",270,"2022-06-10"
"865","mariadb-show","version_0.4",1718,"2021-01-07"
"866","mariadb-show","version_0.5",745,"2021-07-05"
"867","mariadb-show","version_0.6",855,"2022-06-10"
"868","mariadb-slap","version_0.4",1769,"2021-01-07"
"869","mariadb-slap","version_0.5",746,"2021-07-05"
"870","mariadb-slap","version_0.6",888,"2022-06-10"
"871","mariadb-tzinfo-to-sql","version_0.4",1080,"2021-01-07"
"872","mariadb-tzinfo-to-sql","version_0.5",247,"2021-07-05"
"873","mariadb-tzinfo-to-sql","version_0.6",264,"2022-06-10"
"874","mariadb-upgrade","version_0.4",0,"2021-01-07"
"875","mariadb-upgrade","version_0.5",0,"2021-07-05"
"876","mariadb-upgrade","version_0.6",0,"2022-06-10"
"877","mariadb-waitpid","version_0.4",1070,"2021-01-07"
"878","mariadb-waitpid","version_0.5",241,"2021-07-05"
"879","mariadb-waitpid","version_0.6",259,"2022-06-10"
"880","mariadbd-safe-helper","version_0.4",1004,"2021-01-07"
"881","mariadbd-safe-helper","version_0.5",215,"2021-07-05"
"882","mariadbd-safe-helper","version_0.6",222,"2022-06-10"
"883","mate-calc","version_0.4",202,"2021-01-07"
"884","mate-calc","version_0.5",0,"2021-07-05"
"885","mate-calc","version_0.6",0,"2022-06-10"
"886","mate-calc-cmd","version_0.4",0,"2021-01-07"
"887","mate-calc-cmd","version_0.5",0,"2021-07-05"
"888","mate-calc-cmd","version_0.6",0,"2022-06-10"
"889","mawk","version_0.4",208,"2021-01-07"
"890","mawk","version_0.5",97,"2021-07-05"
"891","mawk","version_0.6",109,"2022-06-10"
"892","md5deep","version_0.4",584,"2021-01-07"
"893","md5deep","version_0.5",0,"2021-07-05"
"894","md5deep","version_0.6",0,"2022-06-10"
"895","mdsearch","version_0.4",0,"2021-01-07"
"896","mdsearch","version_0.5",0,"2021-07-05"
"897","mdsearch","version_0.6",0,"2022-06-10"
"898","medusa","version_0.4",131,"2021-01-07"
"899","medusa","version_0.5",139,"2021-07-05"
"900","medusa","version_0.6",142,"2022-06-10"
"901","metaflac","version_0.4",105,"2021-01-07"
"902","metaflac","version_0.5",95,"2021-07-05"
"903","metaflac","version_0.6",102,"2022-06-10"
"904","mingle","version_0.4",0,"2021-01-07"
"905","mingle","version_0.5",0,"2021-07-05"
"906","mingle","version_0.6",0,"2022-06-10"
"907","minicom","version_0.4",267,"2021-01-07"
"908","minicom","version_0.5",203,"2021-07-05"
"909","minicom","version_0.6",201,"2022-06-10"
"910","mkdir","version_0.4",250,"2021-01-07"
"911","mkdir","version_0.5",52,"2021-07-05"
"912","mkdir","version_0.6",82,"2022-06-10"
"913","mkfifo","version_0.4",177,"2021-01-07"
"914","mkfifo","version_0.5",37,"2021-07-05"
"915","mkfifo","version_0.6",45,"2022-06-10"
"916","mkfs.btrfs","version_0.4",870,"2021-01-07"
"917","mkfs.btrfs","version_0.5",247,"2021-07-05"
"918","mkfs.btrfs","version_0.6",188,"2022-06-10"
"919","mknod","version_0.4",201,"2021-01-07"
"920","mknod","version_0.5",39,"2021-07-05"
"921","mknod","version_0.6",55,"2022-06-10"
"922","mksquashfs","version_0.4",342,"2021-01-07"
"923","mksquashfs","version_0.5",156,"2021-07-05"
"924","mksquashfs","version_0.6",175,"2022-06-10"
"925","mm2gv","version_0.4",179,"2021-01-07"
"926","mm2gv","version_0.5",102,"2021-07-05"
"927","mm2gv","version_0.6",240,"2022-06-10"
"928","mmcli","version_0.4",94,"2021-01-07"
"929","mmcli","version_0.5",27,"2021-07-05"
"930","mmcli","version_0.6",25,"2022-06-10"
"931","more","version_0.4",47,"2021-01-07"
"932","more","version_0.5",23,"2021-07-05"
"933","more","version_0.6",23,"2022-06-10"
"934","mount","version_0.4",27,"2021-01-07"
"935","mount","version_0.5",23,"2021-07-05"
"936","mount","version_0.6",24,"2022-06-10"
"937","mousepad","version_0.4",173,"2021-01-07"
"938","mousepad","version_0.5",0,"2021-07-05"
"939","mousepad","version_0.6",0,"2022-06-10"
"940","mpg123.bin","version_0.4",115,"2021-01-07"
"941","mpg123.bin","version_0.5",0,"2021-07-05"
"942","mpg123.bin","version_0.6",0,"2022-06-10"
"943","mpris-proxy","version_0.4",120,"2021-01-07"
"944","mpris-proxy","version_0.5",15,"2021-07-05"
"945","mpris-proxy","version_0.6",12,"2022-06-10"
"946","mpstat","version_0.4",103,"2021-01-07"
"947","mpstat","version_0.5",69,"2021-07-05"
"948","mpstat","version_0.6",64,"2022-06-10"
"949","msrpcfuzz","version_0.4",355,"2021-01-07"
"950","msrpcfuzz","version_0.5",124,"2021-07-05"
"951","msrpcfuzz","version_0.6",123,"2022-06-10"
"952","msrpcfuzz_udp","version_0.4",350,"2021-01-07"
"953","msrpcfuzz_udp","version_0.5",124,"2021-07-05"
"954","msrpcfuzz_udp","version_0.6",123,"2022-06-10"
"955","mt-gnu","version_0.4",238,"2021-01-07"
"956","mt-gnu","version_0.5",105,"2021-07-05"
"957","mt-gnu","version_0.6",114,"2022-06-10"
"958","mv","version_0.4",675,"2021-01-07"
"959","mv","version_0.5",94,"2021-07-05"
"960","mv","version_0.6",138,"2022-06-10"
"961","myisamchk","version_0.4",0,"2021-01-07"
"962","myisamchk","version_0.5",0,"2021-07-05"
"963","myisamchk","version_0.6",0,"2022-06-10"
"964","myisamlog","version_0.4",1784,"2021-01-07"
"965","myisamlog","version_0.5",446,"2021-07-05"
"966","myisamlog","version_0.6",491,"2022-06-10"
"967","myisampack","version_0.4",1854,"2021-01-07"
"968","myisampack","version_0.5",471,"2021-07-05"
"969","myisampack","version_0.6",536,"2022-06-10"
"970","myisam_ftdump","version_0.4",1808,"2021-01-07"
"971","myisam_ftdump","version_0.5",463,"2021-07-05"
"972","myisam_ftdump","version_0.6",517,"2022-06-10"
"973","my_print_defaults","version_0.4",1071,"2021-01-07"
"974","my_print_defaults","version_0.5",242,"2021-07-05"
"975","my_print_defaults","version_0.6",261,"2022-06-10"
"976","nano","version_0.4",527,"2021-01-07"
"977","nano","version_0.5",319,"2021-07-05"
"978","nano","version_0.6",395,"2022-06-10"
"979","nasm","version_0.4",745,"2021-01-07"
"980","nasm","version_0.5",1159,"2021-07-05"
"981","nasm","version_0.6",354,"2022-06-10"
"982","ncdu","version_0.4",1607,"2021-01-07"
"983","ncdu","version_0.5",138,"2021-07-05"
"984","ncdu","version_0.6",69,"2022-06-10"
"985","ncrack","version_0.4",1213,"2021-01-07"
"986","ncrack","version_0.5",22,"2021-07-05"
"987","ncrack","version_0.6",14,"2022-06-10"
"988","ndisasm","version_0.4",27,"2021-01-07"
"989","ndisasm","version_0.5",27,"2021-07-05"
"990","ndisasm","version_0.6",57,"2022-06-10"
"991","net","version_0.4",538,"2021-01-07"
"992","net","version_0.5",0,"2021-07-05"
"993","net","version_0.6",0,"2022-06-10"
"994","netkit-ftp","version_0.4",141,"2021-01-07"
"995","netkit-ftp","version_0.5",49,"2021-07-05"
"996","netkit-ftp","version_0.6",58,"2022-06-10"
"997","netstat","version_0.4",137,"2021-01-07"
"998","netstat","version_0.5",134,"2021-07-05"
"999","netstat","version_0.6",131,"2022-06-10"
"1000","networkctl","version_0.4",161,"2021-01-07"
"1001","networkctl","version_0.5",15,"2021-07-05"
"1002","networkctl","version_0.6",29,"2022-06-10"
"1003","nl","version_0.4",480,"2021-01-07"
"1004","nl","version_0.5",131,"2021-07-05"
"1005","nl","version_0.6",140,"2022-06-10"
"1006","nm","version_0.4",2480,"2021-01-07"
"1007","nm","version_0.5",0,"2021-07-05"
"1008","nm","version_0.6",0,"2022-06-10"
"1009","nm-applet","version_0.4",195,"2021-01-07"
"1010","nm-applet","version_0.5",33,"2021-07-05"
"1011","nm-applet","version_0.6",45,"2022-06-10"
"1012","nm-connection-editor","version_0.4",244,"2021-01-07"
"1013","nm-connection-editor","version_0.5",25,"2021-07-05"
"1014","nm-connection-editor","version_0.6",32,"2022-06-10"
"1015","nmap_centos5","version_0.4",0,"2021-01-07"
"1016","nmap_centos5","version_0.5",0,"2021-07-05"
"1017","nmap_centos5","version_0.6",0,"2022-06-10"
"1018","nmblookup","version_0.4",194,"2021-01-07"
"1019","nmblookup","version_0.5",42,"2021-07-05"
"1020","nmblookup","version_0.6",50,"2022-06-10"
"1021","nmcli","version_0.4",759,"2021-01-07"
"1022","nmcli","version_0.5",330,"2021-07-05"
"1023","nmcli","version_0.6",372,"2022-06-10"
"1024","nmtui","version_0.4",342,"2021-01-07"
"1025","nmtui","version_0.5",183,"2021-07-05"
"1026","nmtui","version_0.6",141,"2022-06-10"
"1027","nslookup","version_0.4",442,"2021-01-07"
"1028","nslookup","version_0.5",75,"2021-07-05"
"1029","nslookup","version_0.6",43,"2022-06-10"
"1030","nstat","version_0.4",67,"2021-01-07"
"1031","nstat","version_0.5",34,"2021-07-05"
"1032","nstat","version_0.6",43,"2022-06-10"
"1033","nsupdate","version_0.4",31,"2021-01-07"
"1034","nsupdate","version_0.5",102,"2021-07-05"
"1035","nsupdate","version_0.6",65,"2022-06-10"
"1036","ntfs-3g","version_0.4",159,"2021-01-07"
"1037","ntfs-3g","version_0.5",89,"2021-07-05"
"1038","ntfs-3g","version_0.6",125,"2022-06-10"
"1039","ntfsdecrypt","version_0.4",33,"2021-01-07"
"1040","ntfsdecrypt","version_0.5",12,"2021-07-05"
"1041","ntfsdecrypt","version_0.6",14,"2022-06-10"
"1042","ntfsinfo","version_0.4",88,"2021-01-07"
"1043","ntfsinfo","version_0.5",5,"2021-07-05"
"1044","ntfsinfo","version_0.6",7,"2022-06-10"
"1045","ntfsrecover","version_0.4",146,"2021-01-07"
"1046","ntfsrecover","version_0.5",145,"2021-07-05"
"1047","ntfsrecover","version_0.6",171,"2022-06-10"
"1048","ntfssecaudit","version_0.4",50,"2021-01-07"
"1049","ntfssecaudit","version_0.5",0,"2021-07-05"
"1050","ntfssecaudit","version_0.6",28,"2022-06-10"
"1051","ntfswipe","version_0.4",102,"2021-01-07"
"1052","ntfswipe","version_0.5",18,"2021-07-05"
"1053","ntfswipe","version_0.6",21,"2022-06-10"
"1054","ntlm2","version_0.4",516,"2021-01-07"
"1055","ntlm2","version_0.5",176,"2021-07-05"
"1056","ntlm2","version_0.6",171,"2022-06-10"
"1057","ntlm_brute","version_0.4",509,"2021-01-07"
"1058","ntlm_brute","version_0.5",172,"2021-07-05"
"1059","ntlm_brute","version_0.6",165,"2022-06-10"
"1060","ntpdc","version_0.4",104,"2021-01-07"
"1061","ntpdc","version_0.5",24,"2021-07-05"
"1062","ntpdc","version_0.6",41,"2022-06-10"
"1063","ntpq","version_0.4",182,"2021-01-07"
"1064","ntpq","version_0.5",91,"2021-07-05"
"1065","ntpq","version_0.6",118,"2022-06-10"
"1066","numfmt","version_0.4",0,"2021-01-07"
"1067","numfmt","version_0.5",0,"2021-07-05"
"1068","numfmt","version_0.6",0,"2022-06-10"
"1069","obexctl","version_0.4",169,"2021-01-07"
"1070","obexctl","version_0.5",58,"2021-07-05"
"1071","obexctl","version_0.6",36,"2022-06-10"
"1072","objcopy","version_0.4",2647,"2021-01-07"
"1073","objcopy","version_0.5",612,"2021-07-05"
"1074","objcopy","version_0.6",328,"2022-06-10"
"1075","objdump","version_0.4",3071,"2021-01-07"
"1076","objdump","version_0.5",0,"2021-07-05"
"1077","objdump","version_0.6",0,"2022-06-10"
"1078","od","version_0.4",60,"2021-01-07"
"1079","od","version_0.5",1,"2021-07-05"
"1080","od","version_0.6",0,"2022-06-10"
"1081","onesixtyone","version_0.4",18,"2021-01-07"
"1082","onesixtyone","version_0.5",9,"2021-07-05"
"1083","onesixtyone","version_0.6",10,"2022-06-10"
"1084","openfortivpn","version_0.4",170,"2021-01-07"
"1085","openfortivpn","version_0.5",97,"2021-07-05"
"1086","openfortivpn","version_0.6",105,"2022-06-10"
"1087","openssl","version_0.4",266,"2021-01-07"
"1088","openssl","version_0.5",112,"2021-07-05"
"1089","openssl","version_0.6",154,"2022-06-10"
"1090","ophcrack","version_0.4",536,"2021-01-07"
"1091","ophcrack","version_0.5",13,"2021-07-05"
"1092","ophcrack","version_0.6",0,"2022-06-10"
"1093","ophcrack-cli","version_0.4",527,"2021-01-07"
"1094","ophcrack-cli","version_0.5",280,"2021-07-05"
"1095","ophcrack-cli","version_0.6",307,"2022-06-10"
"1096","out123","version_0.4",49,"2021-01-07"
"1097","out123","version_0.5",72,"2021-07-05"
"1098","out123","version_0.6",50,"2022-06-10"
"1099","pacat","version_0.4",3,"2021-01-07"
"1100","pacat","version_0.5",3,"2021-07-05"
"1101","pacat","version_0.6",3,"2022-06-10"
"1102","packetforge-ng","version_0.4",0,"2021-01-07"
"1103","packetforge-ng","version_0.5",0,"2021-07-05"
"1104","packetforge-ng","version_0.6",0,"2022-06-10"
"1105","packetq","version_0.4",0,"2021-01-07"
"1106","packetq","version_0.5",0,"2021-07-05"
"1107","packetq","version_0.6",0,"2022-06-10"
"1108","pactl","version_0.4",23,"2021-01-07"
"1109","pactl","version_0.5",3,"2021-07-05"
"1110","pactl","version_0.6",5,"2022-06-10"
"1111","parole","version_0.4",251,"2021-01-07"
"1112","parole","version_0.5",0,"2021-07-05"
"1113","parole","version_0.6",0,"2022-06-10"
"1114","partx","version_0.4",128,"2021-01-07"
"1115","partx","version_0.5",76,"2021-07-05"
"1116","partx","version_0.6",88,"2022-06-10"
"1117","passwd","version_0.4",71,"2021-01-07"
"1118","passwd","version_0.5",26,"2021-07-05"
"1119","passwd","version_0.6",37,"2022-06-10"
"1120","patch","version_0.4",308,"2021-01-07"
"1121","patch","version_0.5",162,"2021-07-05"
"1122","patch","version_0.6",179,"2022-06-10"
"1123","pavucontrol","version_0.4",319,"2021-01-07"
"1124","pavucontrol","version_0.5",10,"2021-07-05"
"1125","pavucontrol","version_0.6",31,"2022-06-10"
"1126","perl","version_0.4",0,"2021-01-07"
"1127","perl","version_0.5",0,"2021-07-05"
"1128","perl","version_0.6",0,"2022-06-10"
"1129","perl5.32.1","version_0.4",0,"2021-01-07"
"1130","perl5.32.1","version_0.5",0,"2021-07-05"
"1131","perl5.32.1","version_0.6",0,"2022-06-10"
"1132","perror","version_0.4",0,"2021-01-07"
"1133","perror","version_0.5",0,"2021-07-05"
"1134","perror","version_0.6",0,"2022-06-10"
"1135","photorec","version_0.4",0,"2021-01-07"
"1136","photorec","version_0.5",0,"2021-07-05"
"1137","photorec","version_0.6",0,"2022-06-10"
"1138","pic","version_0.4",233,"2021-01-07"
"1139","pic","version_0.5",97,"2021-07-05"
"1140","pic","version_0.6",183,"2022-06-10"
"1141","pidstat","version_0.4",106,"2021-01-07"
"1142","pidstat","version_0.5",46,"2021-07-05"
"1143","pidstat","version_0.6",56,"2022-06-10"
"1144","pinentry-curses","version_0.4",0,"2021-01-07"
"1145","pinentry-curses","version_0.5",0,"2021-07-05"
"1146","pinentry-curses","version_0.6",0,"2022-06-10"
"1147","pinentry-gnome3","version_0.4",0,"2021-01-07"
"1148","pinentry-gnome3","version_0.5",0,"2021-07-05"
"1149","pinentry-gnome3","version_0.6",0,"2022-06-10"
"1150","ping","version_0.4",21,"2021-01-07"
"1151","ping","version_0.5",18,"2021-07-05"
"1152","ping","version_0.6",20,"2022-06-10"
"1153","pixiewps","version_0.4",72,"2021-01-07"
"1154","pixiewps","version_0.5",34,"2021-07-05"
"1155","pixiewps","version_0.6",42,"2022-06-10"
"1156","pmspike","version_0.4",344,"2021-01-07"
"1157","pmspike","version_0.5",115,"2021-07-05"
"1158","pmspike","version_0.6",120,"2022-06-10"
"1159","post_fuzz","version_0.4",358,"2021-01-07"
"1160","post_fuzz","version_0.5",119,"2021-07-05"
"1161","post_fuzz","version_0.6",122,"2022-06-10"
"1162","post_spike","version_0.4",351,"2021-01-07"
"1163","post_spike","version_0.5",122,"2021-07-05"
"1164","post_spike","version_0.6",123,"2022-06-10"
"1165","pr","version_0.4",0,"2021-01-07"
"1166","pr","version_0.5",0,"2021-07-05"
"1167","pr","version_0.6",0,"2022-06-10"
"1168","preconv","version_0.4",141,"2021-01-07"
"1169","preconv","version_0.5",97,"2021-07-05"
"1170","preconv","version_0.6",100,"2022-06-10"
"1171","printf","version_0.4",0,"2021-01-07"
"1172","printf","version_0.5",0,"2021-07-05"
"1173","printf","version_0.6",0,"2022-06-10"
"1174","procan","version_0.4",46,"2021-01-07"
"1175","procan","version_0.5",66,"2021-07-05"
"1176","procan","version_0.6",69,"2022-06-10"
"1177","profiles","version_0.4",81,"2021-01-07"
"1178","profiles","version_0.5",30,"2021-07-05"
"1179","profiles","version_0.6",31,"2022-06-10"
"1180","proxytunnel","version_0.4",67,"2021-01-07"
"1181","proxytunnel","version_0.5",67,"2021-07-05"
"1182","proxytunnel","version_0.6",63,"2022-06-10"
"1183","ps","version_0.4",57,"2021-01-07"
"1184","ps","version_0.5",100,"2021-07-05"
"1185","ps","version_0.6",112,"2022-06-10"
"1186","pstat","version_0.4",0,"2021-01-07"
"1187","pstat","version_0.5",0,"2021-07-05"
"1188","pstat","version_0.6",0,"2022-06-10"
"1189","pth-curl","version_0.4",1248,"2021-01-07"
"1190","pth-curl","version_0.5",388,"2021-07-05"
"1191","pth-curl","version_0.6",436,"2022-06-10"
"1192","ptx","version_0.4",558,"2021-01-07"
"1193","ptx","version_0.5",156,"2021-07-05"
"1194","ptx","version_0.6",174,"2022-06-10"
"1195","pulseaudio","version_0.4",100,"2021-01-07"
"1196","pulseaudio","version_0.5",2,"2021-07-05"
"1197","pulseaudio","version_0.6",2,"2022-06-10"
"1198","pv","version_0.4",182,"2021-01-07"
"1199","pv","version_0.5",10,"2021-07-05"
"1200","pv","version_0.6",100,"2022-06-10"
"1201","qt5ct","version_0.4",104,"2021-01-07"
"1202","qt5ct","version_0.5",0,"2021-07-05"
"1203","qt5ct","version_0.6",0,"2022-06-10"
"1204","quake","version_0.4",344,"2021-01-07"
"1205","quake","version_0.5",111,"2021-07-05"
"1206","quake","version_0.6",120,"2022-06-10"
"1207","quakeserver","version_0.4",348,"2021-01-07"
"1208","quakeserver","version_0.5",111,"2021-07-05"
"1209","quakeserver","version_0.6",120,"2022-06-10"
"1210","r2agent","version_0.4",418,"2021-01-07"
"1211","r2agent","version_0.5",254,"2021-07-05"
"1212","r2agent","version_0.6",324,"2022-06-10"
"1213","r2r","version_0.4",513,"2021-01-07"
"1214","r2r","version_0.5",292,"2021-07-05"
"1215","r2r","version_0.6",352,"2022-06-10"
"1216","rabin2","version_0.4",418,"2021-01-07"
"1217","rabin2","version_0.5",254,"2021-07-05"
"1218","rabin2","version_0.6",324,"2022-06-10"
"1219","radare2","version_0.4",425,"2021-01-07"
"1220","radare2","version_0.5",256,"2021-07-05"
"1221","radare2","version_0.6",326,"2022-06-10"
"1222","radiff2","version_0.4",418,"2021-01-07"
"1223","radiff2","version_0.5",254,"2021-07-05"
"1224","radiff2","version_0.6",324,"2022-06-10"
"1225","rafind2","version_0.4",418,"2021-01-07"
"1226","rafind2","version_0.5",254,"2021-07-05"
"1227","rafind2","version_0.6",324,"2022-06-10"
"1228","ragg2","version_0.4",418,"2021-01-07"
"1229","ragg2","version_0.5",254,"2021-07-05"
"1230","ragg2","version_0.6",324,"2022-06-10"
"1231","rahash2","version_0.4",418,"2021-01-07"
"1232","rahash2","version_0.5",254,"2021-07-05"
"1233","rahash2","version_0.6",324,"2022-06-10"
"1234","ranlib","version_0.4",2500,"2021-01-07"
"1235","ranlib","version_0.5",0,"2021-07-05"
"1236","ranlib","version_0.6",0,"2022-06-10"
"1237","rarun2","version_0.4",418,"2021-01-07"
"1238","rarun2","version_0.5",254,"2021-07-05"
"1239","rarun2","version_0.6",324,"2022-06-10"
"1240","rasign2","version_0.4",418,"2021-01-07"
"1241","rasign2","version_0.5",254,"2021-07-05"
"1242","rasign2","version_0.6",324,"2022-06-10"
"1243","rasm2","version_0.4",418,"2021-01-07"
"1244","rasm2","version_0.5",254,"2021-07-05"
"1245","rasm2","version_0.6",324,"2022-06-10"
"1246","rawshark","version_0.4",0,"2021-01-07"
"1247","rawshark","version_0.5",0,"2021-07-05"
"1248","rawshark","version_0.6",0,"2022-06-10"
"1249","rax2","version_0.4",418,"2021-01-07"
"1250","rax2","version_0.5",254,"2021-07-05"
"1251","rax2","version_0.6",324,"2022-06-10"
"1252","rb","version_0.4",55,"2021-01-07"
"1253","rb","version_0.5",16,"2021-07-05"
"1254","rb","version_0.6",14,"2022-06-10"
"1255","rctest","version_0.4",80,"2021-01-07"
"1256","rctest","version_0.5",50,"2021-07-05"
"1257","rctest","version_0.6",62,"2022-06-10"
"1258","rdesktop","version_0.4",1062,"2021-01-07"
"1259","rdesktop","version_0.5",477,"2021-07-05"
"1260","rdesktop","version_0.6",455,"2022-06-10"
"1261","rdf2bin","version_0.4",12,"2021-01-07"
"1262","rdf2bin","version_0.5",56,"2021-07-05"
"1263","rdf2bin","version_0.6",9,"2022-06-10"
"1264","rdma","version_0.4",161,"2021-01-07"
"1265","rdma","version_0.5",63,"2021-07-05"
"1266","rdma","version_0.6",66,"2022-06-10"
"1267","readelf","version_0.4",736,"2021-01-07"
"1268","readelf","version_0.5",87,"2021-07-05"
"1269","readelf","version_0.6",59,"2022-06-10"
"1270","readlink","version_0.4",93,"2021-01-07"
"1271","readlink","version_0.5",25,"2021-07-05"
"1272","readlink","version_0.6",25,"2022-06-10"
"1273","realpath","version_0.4",105,"2021-01-07"
"1274","realpath","version_0.5",27,"2021-07-05"
"1275","realpath","version_0.6",32,"2022-06-10"
"1276","rearj","version_0.4",196,"2021-01-07"
"1277","rearj","version_0.5",59,"2021-07-05"
"1278","rearj","version_0.6",55,"2022-06-10"
"1279","reaver","version_0.4",531,"2021-01-07"
"1280","reaver","version_0.5",267,"2021-07-05"
"1281","reaver","version_0.6",333,"2022-06-10"
"1282","recordmydesktop","version_0.4",247,"2021-01-07"
"1283","recordmydesktop","version_0.5",104,"2021-07-05"
"1284","recordmydesktop","version_0.6",129,"2022-06-10"
"1285","redir","version_0.4",484,"2021-01-07"
"1286","redir","version_0.5",21,"2021-07-05"
"1287","redir","version_0.6",18,"2022-06-10"
"1288","rendercheck","version_0.4",69,"2021-01-07"
"1289","rendercheck","version_0.5",42,"2021-07-05"
"1290","rendercheck","version_0.6",22,"2022-06-10"
"1291","replace","version_0.4",1079,"2021-01-07"
"1292","replace","version_0.5",228,"2021-07-05"
"1293","replace","version_0.6",248,"2022-06-10"
"1294","resizepart","version_0.4",48,"2021-01-07"
"1295","resizepart","version_0.5",33,"2021-07-05"
"1296","resizepart","version_0.6",45,"2022-06-10"
"1297","resolvectl","version_0.4",62,"2021-01-07"
"1298","resolvectl","version_0.5",24,"2021-07-05"
"1299","resolvectl","version_0.6",28,"2022-06-10"
"1300","resolveip","version_0.4",1072,"2021-01-07"
"1301","resolveip","version_0.5",241,"2021-07-05"
"1302","resolveip","version_0.6",258,"2022-06-10"
"1303","resolve_stack_dump","version_0.4",1089,"2021-01-07"
"1304","resolve_stack_dump","version_0.5",241,"2021-07-05"
"1305","resolve_stack_dump","version_0.6",258,"2022-06-10"
"1306","rfcomm","version_0.4",32,"2021-01-07"
"1307","rfcomm","version_0.5",36,"2021-07-05"
"1308","rfcomm","version_0.6",35,"2022-06-10"
"1309","ristretto","version_0.4",215,"2021-01-07"
"1310","ristretto","version_0.5",4,"2021-07-05"
"1311","ristretto","version_0.6",16,"2022-06-10"
"1312","rm","version_0.4",193,"2021-01-07"
"1313","rm","version_0.5",35,"2021-07-05"
"1314","rm","version_0.6",49,"2022-06-10"
"1315","rmdir","version_0.4",61,"2021-01-07"
"1316","rmdir","version_0.5",26,"2021-07-05"
"1317","rmdir","version_0.6",28,"2022-06-10"
"1318","rpcclient","version_0.4",0,"2021-01-07"
"1319","rpcclient","version_0.5",0,"2021-07-05"
"1320","rpcclient","version_0.6",0,"2022-06-10"
"1321","rpcgen","version_0.4",0,"2021-01-07"
"1322","rpcgen","version_0.5",0,"2021-07-05"
"1323","rpcgen","version_0.6",0,"2022-06-10"
"1324","rsync","version_0.4",0,"2021-01-07"
"1325","rsync","version_0.5",0,"2021-07-05"
"1326","rsync","version_0.6",0,"2022-06-10"
"1327","rx","version_0.4",55,"2021-01-07"
"1328","rx","version_0.5",16,"2021-07-05"
"1329","rx","version_0.6",14,"2022-06-10"
"1330","rz","version_0.4",55,"2021-01-07"
"1331","rz","version_0.5",16,"2021-07-05"
"1332","rz","version_0.6",14,"2022-06-10"
"1333","sadf","version_0.4",670,"2021-01-07"
"1334","sadf","version_0.5",215,"2021-07-05"
"1335","sadf","version_0.6",150,"2022-06-10"
"1336","samba-regedit","version_0.4",198,"2021-01-07"
"1337","samba-regedit","version_0.5",22,"2021-07-05"
"1338","samba-regedit","version_0.6",23,"2022-06-10"
"1339","sane-find-scanner","version_0.4",149,"2021-01-07"
"1340","sane-find-scanner","version_0.5",101,"2021-07-05"
"1341","sane-find-scanner","version_0.6",83,"2022-06-10"
"1342","sar.sysstat","version_0.4",316,"2021-01-07"
"1343","sar.sysstat","version_0.5",137,"2021-07-05"
"1344","sar.sysstat","version_0.6",121,"2022-06-10"
"1345","sb","version_0.4",38,"2021-01-07"
"1346","sb","version_0.5",12,"2021-07-05"
"1347","sb","version_0.6",8,"2022-06-10"
"1348","sbd","version_0.4",131,"2021-01-07"
"1349","sbd","version_0.5",20,"2021-07-05"
"1350","sbd","version_0.6",20,"2022-06-10"
"1351","scalpel","version_0.4",90,"2021-01-07"
"1352","scalpel","version_0.5",80,"2021-07-05"
"1353","scalpel","version_0.6",56,"2022-06-10"
"1354","scanimage","version_0.4",8,"2021-01-07"
"1355","scanimage","version_0.5",0,"2021-07-05"
"1356","scanimage","version_0.6",0,"2022-06-10"
"1357","scp","version_0.4",140,"2021-01-07"
"1358","scp","version_0.5",134,"2021-07-05"
"1359","scp","version_0.6",125,"2022-06-10"
"1360","screen","version_0.4",1208,"2021-01-07"
"1361","screen","version_0.5",505,"2021-07-05"
"1362","screen","version_0.6",487,"2022-06-10"
"1363","script","version_0.4",104,"2021-01-07"
"1364","script","version_0.5",19,"2021-07-05"
"1365","script","version_0.6",20,"2022-06-10"
"1366","scriptlive","version_0.4",57,"2021-01-07"
"1367","scriptlive","version_0.5",18,"2021-07-05"
"1368","scriptlive","version_0.6",19,"2022-06-10"
"1369","sdptool","version_0.4",115,"2021-01-07"
"1370","sdptool","version_0.5",63,"2021-07-05"
"1371","sdptool","version_0.6",72,"2022-06-10"
"1372","sed","version_0.4",210,"2021-01-07"
"1373","sed","version_0.5",66,"2021-07-05"
"1374","sed","version_0.6",105,"2022-06-10"
"1375","sendmsrpc","version_0.4",360,"2021-01-07"
"1376","sendmsrpc","version_0.5",120,"2021-07-05"
"1377","sendmsrpc","version_0.6",120,"2022-06-10"
"1378","seq","version_0.4",0,"2021-01-07"
"1379","seq","version_0.5",0,"2021-07-05"
"1380","seq","version_0.6",0,"2022-06-10"
"1381","sftp","version_0.4",214,"2021-01-07"
"1382","sftp","version_0.5",170,"2021-07-05"
"1383","sftp","version_0.6",193,"2022-06-10"
"1384","sha1deep","version_0.4",584,"2021-01-07"
"1385","sha1deep","version_0.5",0,"2021-07-05"
"1386","sha1deep","version_0.6",0,"2022-06-10"
"1387","sha1sum","version_0.4",30,"2021-01-07"
"1388","sha1sum","version_0.5",15,"2021-07-05"
"1389","sha1sum","version_0.6",20,"2022-06-10"
"1390","sha224sum","version_0.4",20,"2021-01-07"
"1391","sha224sum","version_0.5",16,"2021-07-05"
"1392","sha224sum","version_0.6",21,"2022-06-10"
"1393","sha256deep","version_0.4",584,"2021-01-07"
"1394","sha256deep","version_0.5",0,"2021-07-05"
"1395","sha256deep","version_0.6",0,"2022-06-10"
"1396","sha256sum","version_0.4",20,"2021-01-07"
"1397","sha256sum","version_0.5",16,"2021-07-05"
"1398","sha256sum","version_0.6",21,"2022-06-10"
"1399","sha384sum","version_0.4",20,"2021-01-07"
"1400","sha384sum","version_0.5",16,"2021-07-05"
"1401","sha384sum","version_0.6",21,"2022-06-10"
"1402","sha512sum","version_0.4",20,"2021-01-07"
"1403","sha512sum","version_0.5",16,"2021-07-05"
"1404","sha512sum","version_0.6",21,"2022-06-10"
"1405","sharkd","version_0.4",0,"2021-01-07"
"1406","sharkd","version_0.5",0,"2021-07-05"
"1407","sharkd","version_0.6",0,"2022-06-10"
"1408","shred","version_0.4",56,"2021-01-07"
"1409","shred","version_0.5",45,"2021-07-05"
"1410","shred","version_0.6",42,"2022-06-10"
"1411","shuf","version_0.4",95,"2021-01-07"
"1412","shuf","version_0.5",22,"2021-07-05"
"1413","shuf","version_0.6",21,"2022-06-10"
"1414","size","version_0.4",2485,"2021-01-07"
"1415","size","version_0.5",0,"2021-07-05"
"1416","size","version_0.6",0,"2022-06-10"
"1417","skipfish","version_0.4",1118,"2021-01-07"
"1418","skipfish","version_0.5",650,"2021-07-05"
"1419","skipfish","version_0.6",937,"2022-06-10"
"1420","smbclient","version_0.4",79,"2021-01-07"
"1421","smbclient","version_0.5",46,"2021-07-05"
"1422","smbclient","version_0.6",40,"2022-06-10"
"1423","smbcontrol","version_0.4",34,"2021-01-07"
"1424","smbcontrol","version_0.5",21,"2021-07-05"
"1425","smbcontrol","version_0.6",43,"2022-06-10"
"1426","snmpnetstat","version_0.4",39,"2021-01-07"
"1427","snmpnetstat","version_0.5",115,"2021-07-05"
"1428","snmpnetstat","version_0.6",41,"2022-06-10"
"1429","socat","version_0.4",0,"2021-01-07"
"1430","socat","version_0.5",0,"2021-07-05"
"1431","socat","version_0.6",0,"2022-06-10"
"1432","sort","version_0.4",217,"2021-01-07"
"1433","sort","version_0.5",70,"2021-07-05"
"1434","sort","version_0.6",68,"2022-06-10"
"1435","speech-dispatcher","version_0.4",166,"2021-01-07"
"1436","speech-dispatcher","version_0.5",61,"2021-07-05"
"1437","speech-dispatcher","version_0.6",137,"2022-06-10"
"1438","split","version_0.4",34,"2021-01-07"
"1439","split","version_0.5",29,"2021-07-05"
"1440","split","version_0.6",26,"2022-06-10"
"1441","spooftooph","version_0.4",140,"2021-01-07"
"1442","spooftooph","version_0.5",116,"2021-07-05"
"1443","spooftooph","version_0.6",106,"2022-06-10"
"1444","sqldiff","version_0.4",0,"2021-01-07"
"1445","sqldiff","version_0.5",0,"2021-07-05"
"1446","sqldiff","version_0.6",0,"2022-06-10"
"1447","sqlite3","version_0.4",0,"2021-01-07"
"1448","sqlite3","version_0.5",0,"2021-07-05"
"1449","sqlite3","version_0.6",0,"2022-06-10"
"1450","sqsh","version_0.4",145,"2021-01-07"
"1451","sqsh","version_0.5",0,"2021-07-05"
"1452","sqsh","version_0.6",0,"2022-06-10"
"1453","ss","version_0.4",127,"2021-01-07"
"1454","ss","version_0.5",110,"2021-07-05"
"1455","ss","version_0.6",120,"2022-06-10"
"1456","ssh","version_0.4",1031,"2021-01-07"
"1457","ssh","version_0.5",400,"2021-07-05"
"1458","ssh","version_0.6",880,"2022-06-10"
"1459","ssh-add","version_0.4",303,"2021-01-07"
"1460","ssh-add","version_0.5",206,"2021-07-05"
"1461","ssh-add","version_0.6",421,"2022-06-10"
"1462","ssh-agent","version_0.4",250,"2021-01-07"
"1463","ssh-agent","version_0.5",168,"2021-07-05"
"1464","ssh-agent","version_0.6",379,"2022-06-10"
"1465","ssh-keygen","version_0.4",483,"2021-01-07"
"1466","ssh-keygen","version_0.5",256,"2021-07-05"
"1467","ssh-keygen","version_0.6",629,"2022-06-10"
"1468","ssh-keyscan","version_0.4",465,"2021-01-07"
"1469","ssh-keyscan","version_0.5",271,"2021-07-05"
"1470","ssh-keyscan","version_0.6",489,"2022-06-10"
"1471","sslsplit","version_0.4",408,"2021-01-07"
"1472","sslsplit","version_0.5",127,"2021-07-05"
"1473","sslsplit","version_0.6",147,"2022-06-10"
"1474","ss_spike","version_0.4",344,"2021-01-07"
"1475","ss_spike","version_0.5",119,"2021-07-05"
"1476","ss_spike","version_0.6",119,"2022-06-10"
"1477","stat","version_0.4",137,"2021-01-07"
"1478","stat","version_0.5",91,"2021-07-05"
"1479","stat","version_0.6",90,"2022-06-10"
"1480","statd_spike","version_0.4",345,"2021-01-07"
"1481","statd_spike","version_0.5",115,"2021-07-05"
"1482","statd_spike","version_0.6",120,"2022-06-10"
"1483","stdbuf","version_0.4",71,"2021-01-07"
"1484","stdbuf","version_0.5",34,"2021-07-05"
"1485","stdbuf","version_0.6",36,"2022-06-10"
"1486","strace","version_0.4",0,"2021-01-07"
"1487","strace","version_0.5",0,"2021-07-05"
"1488","strace","version_0.6",0,"2022-06-10"
"1489","strings","version_0.4",2477,"2021-01-07"
"1490","strings","version_0.5",0,"2021-07-05"
"1491","strings","version_0.6",0,"2022-06-10"
"1492","stty","version_0.4",77,"2021-01-07"
"1493","stty","version_0.5",46,"2021-07-05"
"1494","stty","version_0.6",38,"2022-06-10"
"1495","stunnel4","version_0.4",0,"2021-01-07"
"1496","stunnel4","version_0.5",0,"2021-07-05"
"1497","stunnel4","version_0.6",0,"2022-06-10"
"1498","su","version_0.4",78,"2021-01-07"
"1499","su","version_0.5",40,"2021-07-05"
"1500","su","version_0.6",41,"2022-06-10"
"1501","sudo","version_0.4",180,"2021-01-07"
"1502","sudo","version_0.5",36,"2021-07-05"
"1503","sudo","version_0.6",45,"2022-06-10"
"1504","sudoreplay","version_0.4",138,"2021-01-07"
"1505","sudoreplay","version_0.5",0,"2021-07-05"
"1506","sudoreplay","version_0.6",0,"2022-06-10"
"1507","sunrpcfuzz","version_0.4",352,"2021-01-07"
"1508","sunrpcfuzz","version_0.5",114,"2021-07-05"
"1509","sunrpcfuzz","version_0.6",121,"2022-06-10"
"1510","svn","version_0.4",262,"2021-01-07"
"1511","svn","version_0.5",50,"2021-07-05"
"1512","svn","version_0.6",55,"2022-06-10"
"1513","svnadmin","version_0.4",11,"2021-01-07"
"1514","svnadmin","version_0.5",2,"2021-07-05"
"1515","svnadmin","version_0.6",2,"2022-06-10"
"1516","svnbench","version_0.4",27,"2021-01-07"
"1517","svnbench","version_0.5",4,"2021-07-05"
"1518","svnbench","version_0.6",2,"2022-06-10"
"1519","svnlook","version_0.4",22,"2021-01-07"
"1520","svnlook","version_0.5",4,"2021-07-05"
"1521","svnlook","version_0.6",6,"2022-06-10"
"1522","svnrdump","version_0.4",40,"2021-01-07"
"1523","svnrdump","version_0.5",6,"2021-07-05"
"1524","svnrdump","version_0.6",3,"2022-06-10"
"1525","svnserve","version_0.4",26,"2021-01-07"
"1526","svnserve","version_0.5",9,"2021-07-05"
"1527","svnserve","version_0.6",16,"2022-06-10"
"1528","sx","version_0.4",38,"2021-01-07"
"1529","sx","version_0.5",12,"2021-07-05"
"1530","sx","version_0.6",8,"2022-06-10"
"1531","systemctl","version_0.4",139,"2021-01-07"
"1532","systemctl","version_0.5",135,"2021-07-05"
"1533","systemctl","version_0.6",97,"2022-06-10"
"1534","systemd-analyze","version_0.4",2845,"2021-01-07"
"1535","systemd-analyze","version_0.5",620,"2021-07-05"
"1536","systemd-analyze","version_0.6",349,"2022-06-10"
"1537","systemd-hwdb","version_0.4",125,"2021-01-07"
"1538","systemd-hwdb","version_0.5",78,"2021-07-05"
"1539","systemd-hwdb","version_0.6",96,"2022-06-10"
"1540","systemd-mount","version_0.4",1,"2021-01-07"
"1541","systemd-mount","version_0.5",7,"2021-07-05"
"1542","systemd-mount","version_0.6",5,"2022-06-10"
"1543","systemd-run","version_0.4",2,"2021-01-07"
"1544","systemd-run","version_0.5",5,"2021-07-05"
"1545","systemd-run","version_0.6",4,"2022-06-10"
"1546","systemd-sysusers","version_0.4",55,"2021-01-07"
"1547","systemd-sysusers","version_0.5",36,"2021-07-05"
"1548","systemd-sysusers","version_0.6",36,"2022-06-10"
"1549","systemd-tmpfiles","version_0.4",21,"2021-01-07"
"1550","systemd-tmpfiles","version_0.5",8,"2021-07-05"
"1551","systemd-tmpfiles","version_0.6",17,"2022-06-10"
"1552","sz","version_0.4",38,"2021-01-07"
"1553","sz","version_0.5",12,"2021-07-05"
"1554","sz","version_0.6",8,"2022-06-10"
"1555","tac","version_0.4",473,"2021-01-07"
"1556","tac","version_0.5",127,"2021-07-05"
"1557","tac","version_0.6",136,"2022-06-10"
"1558","tail","version_0.4",115,"2021-01-07"
"1559","tail","version_0.5",26,"2021-07-05"
"1560","tail","version_0.6",30,"2022-06-10"
"1561","tapestat","version_0.4",30,"2021-01-07"
"1562","tapestat","version_0.5",38,"2021-07-05"
"1563","tapestat","version_0.6",35,"2022-06-10"
"1564","tar","version_0.4",905,"2021-01-07"
"1565","tar","version_0.5",443,"2021-07-05"
"1566","tar","version_0.6",453,"2022-06-10"
"1567","tbl","version_0.4",406,"2021-01-07"
"1568","tbl","version_0.5",0,"2021-07-05"
"1569","tbl","version_0.6",0,"2022-06-10"
"1570","tcpbridge","version_0.4",2378,"2021-01-07"
"1571","tcpbridge","version_0.5",0,"2021-07-05"
"1572","tcpbridge","version_0.6",0,"2022-06-10"
"1573","tcpcapinfo","version_0.4",1106,"2021-01-07"
"1574","tcpcapinfo","version_0.5",0,"2021-07-05"
"1575","tcpcapinfo","version_0.6",0,"2022-06-10"
"1576","tcpdump","version_0.4",820,"2021-01-07"
"1577","tcpdump","version_0.5",24,"2021-07-05"
"1578","tcpdump","version_0.6",192,"2022-06-10"
"1579","tcpliveplay","version_0.4",1180,"2021-01-07"
"1580","tcpliveplay","version_0.5",0,"2021-07-05"
"1581","tcpliveplay","version_0.6",0,"2022-06-10"
"1582","tcpprep","version_0.4",1514,"2021-01-07"
"1583","tcpprep","version_0.5",0,"2021-07-05"
"1584","tcpprep","version_0.6",0,"2022-06-10"
"1585","tcpreplay","version_0.4",1559,"2021-01-07"
"1586","tcpreplay","version_0.5",0,"2021-07-05"
"1587","tcpreplay","version_0.6",0,"2022-06-10"
"1588","tcpreplay-edit","version_0.4",2625,"2021-01-07"
"1589","tcpreplay-edit","version_0.5",0,"2021-07-05"
"1590","tcpreplay-edit","version_0.6",0,"2022-06-10"
"1591","tcprewrite","version_0.4",2226,"2021-01-07"
"1592","tcprewrite","version_0.5",0,"2021-07-05"
"1593","tcprewrite","version_0.6",0,"2022-06-10"
"1594","telnet.netkit","version_0.4",106,"2021-01-07"
"1595","telnet.netkit","version_0.5",111,"2021-07-05"
"1596","telnet.netkit","version_0.6",85,"2022-06-10"
"1597","test","version_0.4",103,"2021-01-07"
"1598","test","version_0.5",30,"2021-07-05"
"1599","test","version_0.6",33,"2022-06-10"
"1600","testdisk","version_0.4",1392,"2021-01-07"
"1601","testdisk","version_0.5",179,"2021-07-05"
"1602","testdisk","version_0.6",270,"2022-06-10"
"1603","text2pcap","version_0.4",69,"2021-01-07"
"1604","text2pcap","version_0.5",26,"2021-07-05"
"1605","text2pcap","version_0.6",23,"2022-06-10"
"1606","thunar","version_0.4",0,"2021-01-07"
"1607","thunar","version_0.5",0,"2021-07-05"
"1608","thunar","version_0.6",0,"2022-06-10"
"1609","tic","version_0.4",34,"2021-01-07"
"1610","tic","version_0.5",0,"2021-07-05"
"1611","tic","version_0.6",0,"2022-06-10"
"1612","tigerdeep","version_0.4",584,"2021-01-07"
"1613","tigerdeep","version_0.5",0,"2021-07-05"
"1614","tigerdeep","version_0.6",0,"2022-06-10"
"1615","tmux","version_0.4",2102,"2021-01-07"
"1616","tmux","version_0.5",0,"2021-07-05"
"1617","tmux","version_0.6",0,"2022-06-10"
"1618","top","version_0.4",0,"2021-01-07"
"1619","top","version_0.5",0,"2021-07-05"
"1620","top","version_0.6",0,"2022-06-10"
"1621","touch","version_0.4",98,"2021-01-07"
"1622","touch","version_0.5",70,"2021-07-05"
"1623","touch","version_0.6",75,"2022-06-10"
"1624","tpmc","version_0.4",29,"2021-01-07"
"1625","tpmc","version_0.5",32,"2021-07-05"
"1626","tpmc","version_0.6",27,"2022-06-10"
"1627","tr","version_0.4",47,"2021-01-07"
"1628","tr","version_0.5",21,"2021-07-05"
"1629","tr","version_0.6",14,"2022-06-10"
"1630","traceroute.db","version_0.4",70,"2021-01-07"
"1631","traceroute.db","version_0.5",43,"2021-07-05"
"1632","traceroute.db","version_0.6",29,"2022-06-10"
"1633","troff","version_0.4",834,"2021-01-07"
"1634","troff","version_0.5",243,"2021-07-05"
"1635","troff","version_0.6",0,"2022-06-10"
"1636","trust","version_0.4",160,"2021-01-07"
"1637","trust","version_0.5",66,"2021-07-05"
"1638","trust","version_0.6",115,"2022-06-10"
"1639","tshark","version_0.4",414,"2021-01-07"
"1640","tshark","version_0.5",0,"2021-07-05"
"1641","tshark","version_0.6",0,"2022-06-10"
"1642","tsk_comparedir","version_0.4",0,"2021-01-07"
"1643","tsk_comparedir","version_0.5",0,"2021-07-05"
"1644","tsk_comparedir","version_0.6",0,"2022-06-10"
"1645","tsk_gettimes","version_0.4",0,"2021-01-07"
"1646","tsk_gettimes","version_0.5",0,"2021-07-05"
"1647","tsk_gettimes","version_0.6",0,"2022-06-10"
"1648","tsk_loaddb","version_0.4",0,"2021-01-07"
"1649","tsk_loaddb","version_0.5",0,"2021-07-05"
"1650","tsk_loaddb","version_0.6",0,"2022-06-10"
"1651","tsk_recover","version_0.4",0,"2021-01-07"
"1652","tsk_recover","version_0.5",0,"2021-07-05"
"1653","tsk_recover","version_0.6",0,"2022-06-10"
"1654","tsort","version_0.4",171,"2021-01-07"
"1655","tsort","version_0.5",16,"2021-07-05"
"1656","tsort","version_0.6",12,"2022-06-10"
"1657","udevadm","version_0.4",633,"2021-01-07"
"1658","udevadm","version_0.5",364,"2021-07-05"
"1659","udevadm","version_0.6",461,"2022-06-10"
"1660","udisksctl","version_0.4",11,"2021-01-07"
"1661","udisksctl","version_0.5",16,"2021-07-05"
"1662","udisksctl","version_0.6",12,"2022-06-10"
"1663","umax_pp","version_0.4",76,"2021-01-07"
"1664","umax_pp","version_0.5",124,"2021-07-05"
"1665","umax_pp","version_0.6",130,"2022-06-10"
"1666","uniq","version_0.4",30,"2021-01-07"
"1667","uniq","version_0.5",21,"2021-07-05"
"1668","uniq","version_0.6",18,"2022-06-10"
"1669","unix2dos","version_0.4",88,"2021-01-07"
"1670","unix2dos","version_0.5",5,"2021-07-05"
"1671","unix2dos","version_0.6",7,"2022-06-10"
"1672","unrar-nonfree","version_0.4",1479,"2021-01-07"
"1673","unrar-nonfree","version_0.5",266,"2021-07-05"
"1674","unrar-nonfree","version_0.6",200,"2022-06-10"
"1675","unsquashfs","version_0.4",98,"2021-01-07"
"1676","unsquashfs","version_0.5",69,"2021-07-05"
"1677","unsquashfs","version_0.6",54,"2022-06-10"
"1678","unzip","version_0.4",163,"2021-01-07"
"1679","unzip","version_0.5",97,"2021-07-05"
"1680","unzip","version_0.6",112,"2022-06-10"
"1681","unzipsfx","version_0.4",87,"2021-01-07"
"1682","unzipsfx","version_0.5",54,"2021-07-05"
"1683","unzipsfx","version_0.6",74,"2022-06-10"
"1684","update-alternatives","version_0.4",50,"2021-01-07"
"1685","update-alternatives","version_0.5",98,"2021-07-05"
"1686","update-alternatives","version_0.6",117,"2022-06-10"
"1687","update-mime-database","version_0.4",51,"2021-01-07"
"1688","update-mime-database","version_0.5",16,"2021-07-05"
"1689","update-mime-database","version_0.6",21,"2022-06-10"
"1690","upx-ucl","version_0.4",2735,"2021-01-07"
"1691","upx-ucl","version_0.5",258,"2021-07-05"
"1692","upx-ucl","version_0.6",257,"2022-06-10"
"1693","VBoxClient","version_0.4",0,"2021-01-07"
"1694","VBoxClient","version_0.5",0,"2021-07-05"
"1695","VBoxClient","version_0.6",0,"2022-06-10"
"1696","vdir","version_0.4",233,"2021-01-07"
"1697","vdir","version_0.5",158,"2021-07-05"
"1698","vdir","version_0.6",123,"2022-06-10"
"1699","vim","version_0.4",0,"2021-01-07"
"1700","vim","version_0.5",0,"2021-07-05"
"1701","vim","version_0.6",0,"2022-06-10"
"1702","vim.basic","version_0.4",0,"2021-01-07"
"1703","vim.basic","version_0.5",0,"2021-07-05"
"1704","vim.basic","version_0.6",0,"2022-06-10"
"1705","vim.tiny","version_0.4",2224,"2021-01-07"
"1706","vim.tiny","version_0.5",162,"2021-07-05"
"1707","vim.tiny","version_0.6",0,"2022-06-10"
"1708","voiphopper","version_0.4",147,"2021-01-07"
"1709","voiphopper","version_0.5",189,"2021-07-05"
"1710","voiphopper","version_0.6",180,"2022-06-10"
"1711","vsyasm","version_0.4",1005,"2021-01-07"
"1712","vsyasm","version_0.5",0,"2021-07-05"
"1713","vsyasm","version_0.6",0,"2022-06-10"
"1714","wash","version_0.4",531,"2021-01-07"
"1715","wash","version_0.5",267,"2021-07-05"
"1716","wash","version_0.6",333,"2022-06-10"
"1717","wdctl","version_0.4",35,"2021-01-07"
"1718","wdctl","version_0.5",26,"2021-07-05"
"1719","wdctl","version_0.6",27,"2022-06-10"
"1720","webfuzz","version_0.4",340,"2021-01-07"
"1721","webfuzz","version_0.5",113,"2021-07-05"
"1722","webfuzz","version_0.6",118,"2022-06-10"
"1723","wg","version_0.4",854,"2021-01-07"
"1724","wg","version_0.5",18,"2021-07-05"
"1725","wg","version_0.6",60,"2022-06-10"
"1726","wget","version_0.4",1079,"2021-01-07"
"1727","wget","version_0.5",426,"2021-07-05"
"1728","wget","version_0.6",441,"2022-06-10"
"1729","whatis","version_0.4",73,"2021-01-07"
"1730","whatis","version_0.5",30,"2021-07-05"
"1731","whatis","version_0.6",38,"2022-06-10"
"1732","whirlpooldeep","version_0.4",584,"2021-01-07"
"1733","whirlpooldeep","version_0.5",0,"2021-07-05"
"1734","whirlpooldeep","version_0.6",0,"2022-06-10"
"1735","who","version_0.4",72,"2021-01-07"
"1736","who","version_0.5",41,"2021-07-05"
"1737","who","version_0.6",47,"2022-06-10"
"1738","whois","version_0.4",106,"2021-01-07"
"1739","whois","version_0.5",99,"2021-07-05"
"1740","whois","version_0.6",98,"2022-06-10"
"1741","winexe","version_0.4",2,"2021-01-07"
"1742","winexe","version_0.5",4,"2021-07-05"
"1743","winexe","version_0.6",5,"2022-06-10"
"1744","wpa_passphrase","version_0.4",74,"2021-01-07"
"1745","wpa_passphrase","version_0.5",61,"2021-07-05"
"1746","wpa_passphrase","version_0.6",61,"2022-06-10"
"1747","x11perf","version_0.4",108,"2021-01-07"
"1748","x11perf","version_0.5",0,"2021-07-05"
"1749","x11perf","version_0.6",0,"2022-06-10"
"1750","x11_spike","version_0.4",345,"2021-01-07"
"1751","x11_spike","version_0.5",120,"2021-07-05"
"1752","x11_spike","version_0.6",120,"2022-06-10"
"1753","x86_64-linux-gnu-ar","version_0.4",80,"2021-01-07"
"1754","x86_64-linux-gnu-ar","version_0.5",37,"2021-07-05"
"1755","x86_64-linux-gnu-ar","version_0.6",60,"2022-06-10"
"1756","x86_64-linux-gnu-as","version_0.4",0,"2021-01-07"
"1757","x86_64-linux-gnu-as","version_0.5",0,"2021-07-05"
"1758","x86_64-linux-gnu-as","version_0.6",0,"2022-06-10"
"1759","x86_64-linux-gnu-c++filt","version_0.4",0,"2021-01-07"
"1760","x86_64-linux-gnu-c++filt","version_0.5",0,"2021-07-05"
"1761","x86_64-linux-gnu-c++filt","version_0.6",0,"2022-06-10"
"1762","x86_64-linux-gnu-cpp-10","version_0.4",983,"2021-01-07"
"1763","x86_64-linux-gnu-cpp-10","version_0.5",94,"2021-07-05"
"1764","x86_64-linux-gnu-cpp-10","version_0.6",44,"2022-06-10"
"1765","x86_64-linux-gnu-g++-10","version_0.4",986,"2021-01-07"
"1766","x86_64-linux-gnu-g++-10","version_0.5",92,"2021-07-05"
"1767","x86_64-linux-gnu-g++-10","version_0.6",42,"2022-06-10"
"1768","x86_64-linux-gnu-gcc-10","version_0.4",983,"2021-01-07"
"1769","x86_64-linux-gnu-gcc-10","version_0.5",97,"2021-07-05"
"1770","x86_64-linux-gnu-gcc-10","version_0.6",45,"2022-06-10"
"1771","x86_64-linux-gnu-gcov-dump-10","version_0.4",0,"2021-01-07"
"1772","x86_64-linux-gnu-gcov-dump-10","version_0.5",0,"2021-07-05"
"1773","x86_64-linux-gnu-gcov-dump-10","version_0.6",0,"2022-06-10"
"1774","x86_64-linux-gnu-gcov-tool-10","version_0.4",0,"2021-01-07"
"1775","x86_64-linux-gnu-gcov-tool-10","version_0.5",0,"2021-07-05"
"1776","x86_64-linux-gnu-gcov-tool-10","version_0.6",0,"2022-06-10"
"1777","x86_64-linux-gnu-gprof","version_0.4",283,"2021-01-07"
"1778","x86_64-linux-gnu-gprof","version_0.5",321,"2021-07-05"
"1779","x86_64-linux-gnu-gprof","version_0.6",125,"2022-06-10"
"1780","x86_64-linux-gnu-ld.bfd","version_0.4",952,"2021-01-07"
"1781","x86_64-linux-gnu-ld.bfd","version_0.5",798,"2021-07-05"
"1782","x86_64-linux-gnu-ld.bfd","version_0.6",810,"2022-06-10"
"1783","x86_64-linux-gnu-ld.gold","version_0.4",0,"2021-01-07"
"1784","x86_64-linux-gnu-ld.gold","version_0.5",0,"2021-07-05"
"1785","x86_64-linux-gnu-ld.gold","version_0.6",0,"2022-06-10"
"1786","x86_64-linux-gnu-objcopy","version_0.4",1299,"2021-01-07"
"1787","x86_64-linux-gnu-objcopy","version_0.5",19,"2021-07-05"
"1788","x86_64-linux-gnu-objcopy","version_0.6",0,"2022-06-10"
"1789","x86_64-linux-gnu-objdump","version_0.4",1420,"2021-01-07"
"1790","x86_64-linux-gnu-objdump","version_0.5",14,"2021-07-05"
"1791","x86_64-linux-gnu-objdump","version_0.6",26,"2022-06-10"
"1792","x86_64-linux-gnu-ranlib","version_0.4",80,"2021-01-07"
"1793","x86_64-linux-gnu-ranlib","version_0.5",37,"2021-07-05"
"1794","x86_64-linux-gnu-ranlib","version_0.6",60,"2022-06-10"
"1795","x86_64-linux-gnu-readelf","version_0.4",566,"2021-01-07"
"1796","x86_64-linux-gnu-readelf","version_0.5",0,"2021-07-05"
"1797","x86_64-linux-gnu-readelf","version_0.6",0,"2022-06-10"
"1798","x86_64-linux-gnu-strip","version_0.4",1299,"2021-01-07"
"1799","x86_64-linux-gnu-strip","version_0.5",19,"2021-07-05"
"1800","x86_64-linux-gnu-strip","version_0.6",0,"2022-06-10"
"1801","xargs","version_0.4",0,"2021-01-07"
"1802","xargs","version_0.5",0,"2021-07-05"
"1803","xargs","version_0.6",0,"2022-06-10"
"1804","xauth","version_0.4",76,"2021-01-07"
"1805","xauth","version_0.5",45,"2021-07-05"
"1806","xauth","version_0.6",64,"2022-06-10"
"1807","xclock","version_0.4",0,"2021-01-07"
"1808","xclock","version_0.5",0,"2021-07-05"
"1809","xclock","version_0.6",0,"2022-06-10"
"1810","xdg-dbus-proxy","version_0.4",52,"2021-01-07"
"1811","xdg-dbus-proxy","version_0.5",16,"2021-07-05"
"1812","xdg-dbus-proxy","version_0.6",21,"2022-06-10"
"1813","xditview","version_0.4",53,"2021-01-07"
"1814","xditview","version_0.5",13,"2021-07-05"
"1815","xditview","version_0.6",15,"2022-06-10"
"1816","xdotool","version_0.4",45,"2021-01-07"
"1817","xdotool","version_0.5",27,"2021-07-05"
"1818","xdotool","version_0.6",49,"2022-06-10"
"1819","xedit","version_0.4",0,"2021-01-07"
"1820","xedit","version_0.5",0,"2021-07-05"
"1821","xedit","version_0.6",0,"2022-06-10"
"1822","xfce4-about","version_0.4",5,"2021-01-07"
"1823","xfce4-about","version_0.5",5,"2021-07-05"
"1824","xfce4-about","version_0.6",6,"2022-06-10"
"1825","xfce4-accessibility-settings","version_0.4",0,"2021-01-07"
"1826","xfce4-accessibility-settings","version_0.5",2,"2021-07-05"
"1827","xfce4-accessibility-settings","version_0.6",2,"2022-06-10"
"1828","xfce4-appearance-settings","version_0.4",0,"2021-01-07"
"1829","xfce4-appearance-settings","version_0.5",2,"2021-07-05"
"1830","xfce4-appearance-settings","version_0.6",2,"2022-06-10"
"1831","xfce4-appfinder","version_0.4",124,"2021-01-07"
"1832","xfce4-appfinder","version_0.5",21,"2021-07-05"
"1833","xfce4-appfinder","version_0.6",26,"2022-06-10"
"1834","xfce4-clipman","version_0.4",56,"2021-01-07"
"1835","xfce4-clipman","version_0.5",2,"2021-07-05"
"1836","xfce4-clipman","version_0.6",4,"2022-06-10"
"1837","xfce4-clipman-history","version_0.4",59,"2021-01-07"
"1838","xfce4-clipman-history","version_0.5",2,"2021-07-05"
"1839","xfce4-clipman-history","version_0.6",3,"2022-06-10"
"1840","xfce4-clipman-settings","version_0.4",11,"2021-01-07"
"1841","xfce4-clipman-settings","version_0.5",2,"2021-07-05"
"1842","xfce4-clipman-settings","version_0.6",3,"2022-06-10"
"1843","xfce4-color-settings","version_0.4",28,"2021-01-07"
"1844","xfce4-color-settings","version_0.5",11,"2021-07-05"
"1845","xfce4-color-settings","version_0.6",11,"2022-06-10"
"1846","xfce4-display-settings","version_0.4",0,"2021-01-07"
"1847","xfce4-display-settings","version_0.5",0,"2021-07-05"
"1848","xfce4-display-settings","version_0.6",0,"2022-06-10"
"1849","xfce4-keyboard-settings","version_0.4",33,"2021-01-07"
"1850","xfce4-keyboard-settings","version_0.5",2,"2021-07-05"
"1851","xfce4-keyboard-settings","version_0.6",2,"2022-06-10"
"1852","xfce4-mime-helper","version_0.4",17,"2021-01-07"
"1853","xfce4-mime-helper","version_0.5",1,"2021-07-05"
"1854","xfce4-mime-helper","version_0.6",2,"2022-06-10"
"1855","xfce4-mime-settings","version_0.4",29,"2021-01-07"
"1856","xfce4-mime-settings","version_0.5",2,"2021-07-05"
"1857","xfce4-mime-settings","version_0.6",2,"2022-06-10"
"1858","xfce4-mouse-settings","version_0.4",5,"2021-01-07"
"1859","xfce4-mouse-settings","version_0.5",0,"2021-07-05"
"1860","xfce4-mouse-settings","version_0.6",0,"2022-06-10"
"1861","xfce4-notifyd-config","version_0.4",3,"2021-01-07"
"1862","xfce4-notifyd-config","version_0.5",1,"2021-07-05"
"1863","xfce4-notifyd-config","version_0.6",1,"2022-06-10"
"1864","xfce4-panel","version_0.4",262,"2021-01-07"
"1865","xfce4-panel","version_0.5",2,"2021-07-05"
"1866","xfce4-panel","version_0.6",2,"2022-06-10"
"1867","xfce4-power-manager","version_0.4",0,"2021-01-07"
"1868","xfce4-power-manager","version_0.5",0,"2021-07-05"
"1869","xfce4-power-manager","version_0.6",0,"2022-06-10"
"1870","xfce4-power-manager-settings","version_0.4",8,"2021-01-07"
"1871","xfce4-power-manager-settings","version_0.5",3,"2021-07-05"
"1872","xfce4-power-manager-settings","version_0.6",8,"2022-06-10"
"1873","xfce4-screenshooter","version_0.4",23,"2021-01-07"
"1874","xfce4-screenshooter","version_0.5",6,"2021-07-05"
"1875","xfce4-screenshooter","version_0.6",10,"2022-06-10"
"1876","xfce4-session","version_0.4",0,"2021-01-07"
"1877","xfce4-session","version_0.5",0,"2021-07-05"
"1878","xfce4-session","version_0.6",0,"2022-06-10"
"1879","xfce4-session-settings","version_0.4",44,"2021-01-07"
"1880","xfce4-session-settings","version_0.5",14,"2021-07-05"
"1881","xfce4-session-settings","version_0.6",23,"2022-06-10"
"1882","xfce4-settings-editor","version_0.4",0,"2021-01-07"
"1883","xfce4-settings-editor","version_0.5",0,"2021-07-05"
"1884","xfce4-settings-editor","version_0.6",0,"2022-06-10"
"1885","xfce4-taskmanager","version_0.4",57,"2021-01-07"
"1886","xfce4-taskmanager","version_0.5",8,"2021-07-05"
"1887","xfce4-taskmanager","version_0.6",10,"2022-06-10"
"1888","xfdesktop","version_0.4",0,"2021-01-07"
"1889","xfdesktop","version_0.5",0,"2021-07-05"
"1890","xfdesktop","version_0.6",0,"2022-06-10"
"1891","xfdesktop-settings","version_0.4",50,"2021-01-07"
"1892","xfdesktop-settings","version_0.5",7,"2021-07-05"
"1893","xfdesktop-settings","version_0.6",13,"2022-06-10"
"1894","xfreerdp","version_0.4",215,"2021-01-07"
"1895","xfreerdp","version_0.5",25,"2021-07-05"
"1896","xfreerdp","version_0.6",28,"2022-06-10"
"1897","xfsettingsd","version_0.4",185,"2021-01-07"
"1898","xfsettingsd","version_0.5",1,"2021-07-05"
"1899","xfsettingsd","version_0.6",1,"2022-06-10"
"1900","xfwm4","version_0.4",1520,"2021-01-07"
"1901","xfwm4","version_0.5",0,"2021-07-05"
"1902","xfwm4","version_0.6",0,"2022-06-10"
"1903","xfwm4-settings","version_0.4",8,"2021-01-07"
"1904","xfwm4-settings","version_0.5",0,"2021-07-05"
"1905","xfwm4-settings","version_0.6",0,"2022-06-10"
"1906","xfwm4-workspace-settings","version_0.4",1,"2021-01-07"
"1907","xfwm4-workspace-settings","version_0.5",1,"2021-07-05"
"1908","xfwm4-workspace-settings","version_0.6",1,"2022-06-10"
"1909","xgc","version_0.4",0,"2021-01-07"
"1910","xgc","version_0.5",0,"2021-07-05"
"1911","xgc","version_0.6",0,"2022-06-10"
"1912","xhydra","version_0.4",5,"2021-01-07"
"1913","xhydra","version_0.5",23,"2021-07-05"
"1914","xhydra","version_0.6",4,"2022-06-10"
"1915","xkbcomp","version_0.4",671,"2021-01-07"
"1916","xkbcomp","version_0.5",97,"2021-07-05"
"1917","xkbcomp","version_0.6",103,"2022-06-10"
"1918","xkbprint","version_0.4",16,"2021-01-07"
"1919","xkbprint","version_0.5",9,"2021-07-05"
"1920","xkbprint","version_0.6",9,"2022-06-10"
"1921","xman","version_0.4",96,"2021-01-07"
"1922","xman","version_0.5",34,"2021-07-05"
"1923","xman","version_0.6",43,"2022-06-10"
"1924","xmllint","version_0.4",13,"2021-01-07"
"1925","xmllint","version_0.5",13,"2021-07-05"
"1926","xmllint","version_0.6",14,"2022-06-10"
"1927","xprop","version_0.4",13,"2021-01-07"
"1928","xprop","version_0.5",23,"2021-07-05"
"1929","xprop","version_0.6",22,"2022-06-10"
"1930","xrandr","version_0.4",472,"2021-01-07"
"1931","xrandr","version_0.5",0,"2021-07-05"
"1932","xrandr","version_0.6",0,"2022-06-10"
"1933","xsm","version_0.4",128,"2021-01-07"
"1934","xsm","version_0.5",89,"2021-07-05"
"1935","xsm","version_0.6",140,"2022-06-10"
"1936","Xtightvnc","version_0.4",0,"2021-01-07"
"1937","Xtightvnc","version_0.5",0,"2021-07-05"
"1938","Xtightvnc","version_0.6",0,"2022-06-10"
"1939","xtightvncviewer","version_0.4",65,"2021-01-07"
"1940","xtightvncviewer","version_0.5",47,"2021-07-05"
"1941","xtightvncviewer","version_0.6",57,"2022-06-10"
"1942","Xvfb","version_0.4",0,"2021-01-07"
"1943","Xvfb","version_0.5",0,"2021-07-05"
"1944","Xvfb","version_0.6",0,"2022-06-10"
"1945","xwininfo","version_0.4",86,"2021-01-07"
"1946","xwininfo","version_0.5",12,"2021-07-05"
"1947","xwininfo","version_0.6",10,"2022-06-10"
"1948","xz","version_0.4",71,"2021-01-07"
"1949","xz","version_0.5",72,"2021-07-05"
"1950","xz","version_0.6",17,"2022-06-10"
"1951","yasm","version_0.4",1005,"2021-01-07"
"1952","yasm","version_0.5",0,"2021-07-05"
"1953","yasm","version_0.6",0,"2022-06-10"
"1954","ytasm","version_0.4",1002,"2021-01-07"
"1955","ytasm","version_0.5",0,"2021-07-05"
"1956","ytasm","version_0.6",0,"2022-06-10"
"1957","zenity","version_0.4",0,"2021-01-07"
"1958","zenity","version_0.5",0,"2021-07-05"
"1959","zenity","version_0.6",0,"2022-06-10"
"1960","zip","version_0.4",370,"2021-01-07"
"1961","zip","version_0.5",344,"2021-07-05"
"1962","zip","version_0.6",343,"2022-06-10"
"1963","zipcloak","version_0.4",232,"2021-01-07"
"1964","zipcloak","version_0.5",261,"2021-07-05"
"1965","zipcloak","version_0.6",237,"2022-06-10"
"1966","zipinfo","version_0.4",163,"2021-01-07"
"1967","zipinfo","version_0.5",97,"2021-07-05"
"1968","zipinfo","version_0.6",112,"2022-06-10"
"1969","zipnote","version_0.4",227,"2021-01-07"
"1970","zipnote","version_0.5",246,"2021-07-05"
"1971","zipnote","version_0.6",249,"2022-06-10"
"1972","zipsplit","version_0.4",219,"2021-01-07"
"1973","zipsplit","version_0.5",236,"2021-07-05"
"1974","zipsplit","version_0.6",235,"2022-06-10"
"1975","zsh","version_0.4",0,"2021-01-07"
"1976","zsh","version_0.5",0,"2021-07-05"
"1977","zsh","version_0.6",0,"2022-06-10"
"1978","[","version_0.4",103,"2021-01-07"
"1979","[","version_0.5",30,"2021-07-05"
"1980","[","version_0.6",33,"2022-06-10"
