"filename","version","findings_count"
"X3proxy","version_0.4",969
"X3proxy","version_0.5",70
"X3proxy","version_0.6",73
"ab","version_0.4",45
"ab","version_0.5",10
"ab","version_0.6",10
"ag","version_0.4",2206
"ag","version_0.5",69
"ag","version_0.6",164
"airdecap.ng","version_0.4",174
"airdecap.ng","version_0.5",96
"airdecap.ng","version_0.6",54
"airolib.ng","version_0.4",93
"airolib.ng","version_0.5",41
"airolib.ng","version_0.6",41
"apt.cache","version_0.4",331
"apt.cache","version_0.5",86
"apt.cache","version_0.6",115
"apt.ftparchive","version_0.4",1084
"apt.ftparchive","version_0.5",433
"apt.ftparchive","version_0.6",420
"apt.mark","version_0.4",102
"apt.mark","version_0.5",40
"apt.mark","version_0.6",38
"ar","version_0.4",2500
"ar","version_0.5",0
"ar","version_0.6",0
"aria_chk","version_0.4",0
"aria_chk","version_0.5",0
"aria_chk","version_0.6",0
"aria_dump_log","version_0.4",3299
"aria_dump_log","version_0.5",807
"aria_dump_log","version_0.6",944
"aria_ftdump","version_0.4",3350
"aria_ftdump","version_0.5",824
"aria_ftdump","version_0.6",969
"aria_pack","version_0.4",3402
"aria_pack","version_0.5",819
"aria_pack","version_0.6",983
"aria_read_log","version_0.4",3987
"aria_read_log","version_0.5",869
"aria_read_log","version_0.6",1058
"arj","version_0.4",438
"arj","version_0.5",311
"arj","version_0.6",298
"aspell","version_0.4",605
"aspell","version_0.5",246
"aspell","version_0.6",333
"atk6.alive6","version_0.4",0
"atk6.alive6","version_0.5",0
"atk6.alive6","version_0.6",0
"atk6.dnsdict6","version_0.4",0
"atk6.dnsdict6","version_0.5",0
"atk6.dnsdict6","version_0.6",0
"atk6.fake_router26","version_0.4",95
"atk6.fake_router26","version_0.5",104
"atk6.fake_router26","version_0.6",113
"atk6.firewall6","version_0.4",87
"atk6.firewall6","version_0.5",95
"atk6.firewall6","version_0.6",94
"atk6.fragmentation6","version_0.4",22
"atk6.fragmentation6","version_0.5",0
"atk6.fragmentation6","version_0.6",0
"atk6.fragrouter6","version_0.4",77
"atk6.fragrouter6","version_0.5",85
"atk6.fragrouter6","version_0.6",110
"atk6.fuzz_dhcps6","version_0.4",92
"atk6.fuzz_dhcps6","version_0.5",111
"atk6.fuzz_dhcps6","version_0.6",107
"atk6.fuzz_ip6","version_0.4",84
"atk6.fuzz_ip6","version_0.5",115
"atk6.fuzz_ip6","version_0.6",126
"atk6.implementation6","version_0.4",81
"atk6.implementation6","version_0.5",119
"atk6.implementation6","version_0.6",103
"atk6.thcping6","version_0.4",0
"atk6.thcping6","version_0.5",0
"atk6.thcping6","version_0.6",0
"atk6.trace6","version_0.4",118
"atk6.trace6","version_0.5",82
"atk6.trace6","version_0.6",84
"atril","version_0.4",0
"atril","version_0.5",0
"atril","version_0.6",0
"atril.previewer","version_0.4",21
"atril.previewer","version_0.5",1
"atril.previewer","version_0.6",1
"axel","version_0.4",164
"axel","version_0.5",44
"axel","version_0.6",45
"b2sum","version_0.4",32
"b2sum","version_0.5",24
"b2sum","version_0.6",29
"basenc","version_0.4",19
"basenc","version_0.5",18
"basenc","version_0.6",17
"bash","version_0.4",2027
"bash","version_0.5",1601
"bash","version_0.6",0
"bccmd","version_0.4",63
"bccmd","version_0.5",42
"bccmd","version_0.6",40
"bitmap","version_0.4",467
"bitmap","version_0.5",32
"bitmap","version_0.6",32
"bluemoon","version_0.4",17
"bluemoon","version_0.5",51
"bluemoon","version_0.6",9
"bluetoothctl","version_0.4",261
"bluetoothctl","version_0.5",106
"bluetoothctl","version_0.6",56
"bootctl","version_0.4",66
"bootctl","version_0.5",41
"bootctl","version_0.6",39
"broadwayd","version_0.4",73
"broadwayd","version_0.5",11
"broadwayd","version_0.6",12
"btattach","version_0.4",19
"btattach","version_0.5",65
"btattach","version_0.6",13
"btmgmt","version_0.4",188
"btmgmt","version_0.5",152
"btmgmt","version_0.6",105
"btmon","version_0.4",335
"btmon","version_0.5",185
"btmon","version_0.6",68
"btrfs","version_0.4",1575
"btrfs","version_0.5",0
"btrfs","version_0.6",438
"btrfs.debug.tree","version_0.4",807
"btrfs.debug.tree","version_0.5",0
"btrfs.debug.tree","version_0.6",188
"btrfs.find.root","version_0.4",792
"btrfs.find.root","version_0.5",0
"btrfs.find.root","version_0.6",182
"btrfs.image","version_0.4",882
"btrfs.image","version_0.5",271
"btrfs.image","version_0.6",200
"btrfs.map.logical","version_0.4",791
"btrfs.map.logical","version_0.5",0
"btrfs.map.logical","version_0.6",181
"btrfs.select.super","version_0.4",787
"btrfs.select.super","version_0.5",0
"btrfs.select.super","version_0.6",182
"btrfs.zero.log","version_0.4",787
"btrfs.zero.log","version_0.5",0
"btrfs.zero.log","version_0.6",182
"btrfstune","version_0.4",788
"btrfstune","version_0.5",0
"btrfstune","version_0.6",164
"bulk_extractor","version_0.4",4344
"bulk_extractor","version_0.5",2340
"bulk_extractor","version_0.6",1378
"bully","version_0.4",411
"bully","version_0.5",188
"bully","version_0.6",203
"busctl","version_0.4",43
"busctl","version_0.5",0
"busctl","version_0.6",0
"busybox","version_0.4",0
"busybox","version_0.5",0
"busybox","version_0.6",0
"bwrap","version_0.4",42
"bwrap","version_0.5",32
"bwrap","version_0.6",39
"cadaver","version_0.4",139
"cadaver","version_0.5",165
"cadaver","version_0.6",161
"cgpt","version_0.4",72
"cgpt","version_0.5",26
"cgpt","version_0.6",38
"chage","version_0.4",80
"chage","version_0.5",29
"chage","version_0.6",38
"chcon","version_0.4",175
"chcon","version_0.5",29
"chcon","version_0.6",36
"cherrytree","version_0.4",0
"cherrytree","version_0.5",0
"cherrytree","version_0.6",261
"chfn","version_0.4",62
"chfn","version_0.5",31
"chfn","version_0.6",38
"chgrp","version_0.4",194
"chgrp","version_0.5",32
"chgrp","version_0.6",39
"chmod","version_0.4",196
"chmod","version_0.5",30
"chmod","version_0.6",62
"choom","version_0.4",34
"choom","version_0.5",18
"choom","version_0.6",23
"chown","version_0.4",195
"chown","version_0.5",33
"chown","version_0.6",41
"chsh","version_0.4",66
"chsh","version_0.5",25
"chsh","version_0.6",31
"cifsdd","version_0.4",38
"cifsdd","version_0.5",16
"cifsdd","version_0.6",14
"ciptool","version_0.4",77
"ciptool","version_0.5",55
"ciptool","version_0.6",68
"citrix","version_0.4",343
"citrix","version_0.5",117
"citrix","version_0.6",125
"cjpeg","version_0.4",27
"cjpeg","version_0.5",3
"cjpeg","version_0.6",5
"closed_source_web_server_fuzz","version_0.4",358
"closed_source_web_server_fuzz","version_0.5",125
"closed_source_web_server_fuzz","version_0.6",128
"cluster","version_0.4",477
"cluster","version_0.5",0
"cluster","version_0.6",0
"colormgr","version_0.4",0
"colormgr","version_0.5",0
"colormgr","version_0.6",0
"column","version_0.4",62
"column","version_0.5",50
"column","version_0.6",56
"corkscrew","version_0.4",414
"corkscrew","version_0.5",15
"corkscrew","version_0.6",13
"cp","version_0.4",704
"cp","version_0.5",101
"cp","version_0.6",141
"cpio","version_0.4",413
"cpio","version_0.5",151
"cpio","version_0.6",167
"crunch","version_0.4",163
"crunch","version_0.5",111
"crunch","version_0.6",169
"csplit","version_0.4",478
"csplit","version_0.5",131
"csplit","version_0.6",140
"curl","version_0.4",328
"curl","version_0.5",63
"curl","version_0.6",93
"curlftpfs","version_0.4",32
"curlftpfs","version_0.5",30
"curlftpfs","version_0.6",28
"cutycapt","version_0.4",28
"cutycapt","version_0.5",2
"cutycapt","version_0.6",2
"cvtsudoers","version_0.4",451
"cvtsudoers","version_0.5",176
"cvtsudoers","version_0.6",134
"dash","version_0.4",131
"dash","version_0.5",53
"dash","version_0.6",63
"date","version_0.4",99
"date","version_0.5",72
"date","version_0.6",77
"dbd","version_0.4",117
"dbd","version_0.5",33
"dbd","version_0.6",33
"dbus.daemon","version_0.4",442
"dbus.daemon","version_0.5",20
"dbus.daemon","version_0.6",58
"dceoversmb","version_0.4",366
"dceoversmb","version_0.5",132
"dceoversmb","version_0.6",131
"dd","version_0.4",97
"dd","version_0.5",63
"dd","version_0.6",64
"desktop.file.install","version_0.4",83
"desktop.file.install","version_0.5",0
"desktop.file.install","version_0.6",0
"desktop.file.validate","version_0.4",82
"desktop.file.validate","version_0.5",0
"desktop.file.validate","version_0.6",0
"df","version_0.4",172
"df","version_0.5",71
"df","version_0.6",85
"diff","version_0.4",889
"diff","version_0.5",230
"diff","version_0.6",254
"diff3","version_0.4",105
"diff3","version_0.5",53
"diff3","version_0.6",55
"dig","version_0.4",405
"dig","version_0.5",174
"dig","version_0.6",135
"dir","version_0.4",234
"dir","version_0.5",158
"dir","version_0.6",123
"dirb","version_0.4",73
"dirb","version_0.5",81
"dirb","version_0.6",84
"dirmngr","version_0.4",981
"dirmngr","version_0.5",527
"dirmngr","version_0.6",531
"dirmngr.client","version_0.4",137
"dirmngr.client","version_0.5",93
"dirmngr.client","version_0.6",92
"dmesg","version_0.4",28
"dmesg","version_0.5",28
"dmesg","version_0.6",28
"dns2tcpc","version_0.4",84
"dns2tcpc","version_0.5",32
"dns2tcpc","version_0.6",33
"dns2tcpd","version_0.4",110
"dns2tcpd","version_0.5",40
"dns2tcpd","version_0.6",47
"dos2unix","version_0.4",88
"dos2unix","version_0.5",5
"dos2unix","version_0.6",7
"do_post","version_0.4",350
"do_post","version_0.5",128
"do_post","version_0.6",129
"dpkg","version_0.4",601
"dpkg","version_0.5",178
"dpkg","version_0.6",187
"dpkg.deb","version_0.4",211
"dpkg.deb","version_0.5",95
"dpkg.deb","version_0.6",92
"dpkg.divert","version_0.4",251
"dpkg.divert","version_0.5",92
"dpkg.divert","version_0.6",93
"dpkg.query","version_0.4",275
"dpkg.query","version_0.5",109
"dpkg.query","version_0.6",108
"dpkg.split","version_0.4",219
"dpkg.split","version_0.5",82
"dpkg.split","version_0.6",80
"dpkg.statoverride","version_0.4",63
"dpkg.statoverride","version_0.5",29
"dpkg.statoverride","version_0.6",30
"dpkg.trigger","version_0.4",78
"dpkg.trigger","version_0.5",33
"dpkg.trigger","version_0.6",30
"du","version_0.4",683
"du","version_0.5",166
"du","version_0.6",185
"dumpcap","version_0.4",196
"dumpcap","version_0.5",33
"dumpcap","version_0.6",35
"dumpkeys","version_0.4",87
"dumpkeys","version_0.5",31
"dumpkeys","version_0.6",33
"ed","version_0.4",48
"ed","version_0.5",47
"ed","version_0.6",62
"edgepaint","version_0.4",413
"edgepaint","version_0.5",324
"edgepaint","version_0.6",433
"editcap","version_0.4",41
"editcap","version_0.5",9
"editcap","version_0.6",8
"editres","version_0.4",86
"editres","version_0.5",22
"editres","version_0.6",27
"eject","version_0.4",75
"eject","version_0.5",54
"eject","version_0.6",66
"engrampa","version_0.4",550
"engrampa","version_0.5",1
"engrampa","version_0.6",0
"eqn","version_0.4",0
"eqn","version_0.5",0
"eqn","version_0.6",0
"etterfilter","version_0.4",64
"etterfilter","version_0.5",35
"etterfilter","version_0.6",32
"etterlog","version_0.4",67
"etterlog","version_0.5",13
"etterlog","version_0.6",15
"exiv2","version_0.4",610
"exiv2","version_0.5",373
"exiv2","version_0.6",396
"exo.desktop.item.edit","version_0.4",36
"exo.desktop.item.edit","version_0.5",1
"exo.desktop.item.edit","version_0.6",2
"expr","version_0.4",482
"expr","version_0.5",168
"expr","version_0.6",163
"factor","version_0.4",116
"factor","version_0.5",54
"factor","version_0.6",49
"fastjar","version_0.4",90
"fastjar","version_0.5",59
"fastjar","version_0.6",50
"fidentify","version_0.4",0
"fidentify","version_0.5",0
"fidentify","version_0.6",0
"filan","version_0.4",47
"filan","version_0.5",74
"filan","version_0.6",77
"file","version_0.4",27
"file","version_0.5",87
"file","version_0.6",64
"find","version_0.4",0
"find","version_0.5",0
"find","version_0.6",0
"findmnt","version_0.4",12
"findmnt","version_0.5",20
"findmnt","version_0.6",21
"fish","version_0.4",0
"fish","version_0.5",0
"fish","version_0.6",0
"fiwalk","version_0.4",0
"fiwalk","version_0.5",0
"fiwalk","version_0.6",0
"flac","version_0.4",408
"flac","version_0.5",96
"flac","version_0.6",104
"futility","version_0.4",200
"futility","version_0.5",191
"futility","version_0.6",251
"g.ir.compiler","version_0.4",0
"g.ir.compiler","version_0.5",0
"g.ir.compiler","version_0.6",0
"gatttool","version_0.4",331
"gatttool","version_0.5",212
"gatttool","version_0.6",124
"gawk","version_0.4",0
"gawk","version_0.5",0
"gawk","version_0.6",0
"gdbus","version_0.4",42
"gdbus","version_0.5",12
"gdbus","version_0.6",9
"generic_chunked","version_0.4",357
"generic_chunked","version_0.5",120
"generic_chunked","version_0.6",128
"generic_listen_tcp","version_0.4",347
"generic_listen_tcp","version_0.5",116
"generic_listen_tcp","version_0.6",124
"generic_send_tcp","version_0.4",342
"generic_send_tcp","version_0.5",116
"generic_send_tcp","version_0.6",124
"generic_send_udp","version_0.4",340
"generic_send_udp","version_0.5",116
"generic_send_udp","version_0.6",124
"generic_web_server_fuzz","version_0.4",358
"generic_web_server_fuzz","version_0.5",120
"generic_web_server_fuzz","version_0.6",128
"generic_web_server_fuzz2","version_0.4",365
"generic_web_server_fuzz2","version_0.5",120
"generic_web_server_fuzz2","version_0.6",128
"gio","version_0.4",4
"gio","version_0.5",47
"gio","version_0.6",46
"git","version_0.4",0
"git","version_0.5",0
"git","version_0.6",0
"git.shell","version_0.4",0
"git.shell","version_0.5",1939
"git.shell","version_0.6",1391
"gnome.keyring.daemon","version_0.4",0
"gnome.keyring.daemon","version_0.5",0
"gnome.keyring.daemon","version_0.6",0
"gopherd","version_0.4",345
"gopherd","version_0.5",118
"gopherd","version_0.6",124
"gpasswd","version_0.4",111
"gpasswd","version_0.5",69
"gpasswd","version_0.6",76
"gpg","version_0.4",0
"gpg","version_0.5",0
"gpg","version_0.6",0
"gpg.agent","version_0.4",593
"gpg.agent","version_0.5",369
"gpg.agent","version_0.6",349
"gpg.connect.agent","version_0.4",288
"gpg.connect.agent","version_0.5",136
"gpg.connect.agent","version_0.6",136
"gpg.wks.server","version_0.4",454
"gpg.wks.server","version_0.5",161
"gpg.wks.server","version_0.6",179
"gpgcompose","version_0.4",0
"gpgcompose","version_0.5",0
"gpgcompose","version_0.6",0
"gpgconf","version_0.4",159
"gpgconf","version_0.5",95
"gpgconf","version_0.6",91
"gpgsm","version_0.4",817
"gpgsm","version_0.5",370
"gpgsm","version_0.6",405
"gpgsplit","version_0.4",82
"gpgsplit","version_0.5",67
"gpgsplit","version_0.6",67
"gpgtar","version_0.4",300
"gpgtar","version_0.5",126
"gpgtar","version_0.6",127
"gpgv","version_0.4",1244
"gpgv","version_0.5",294
"gpgv","version_0.6",353
"grep","version_0.4",690
"grep","version_0.5",186
"grep","version_0.6",241
"grepjar","version_0.4",454
"grepjar","version_0.5",132
"grepjar","version_0.6",140
"groff","version_0.4",318
"groff","version_0.5",186
"groff","version_0.6",212
"grops","version_0.4",439
"grops","version_0.5",218
"grops","version_0.6",309
"grotty","version_0.4",321
"grotty","version_0.5",149
"grotty","version_0.6",204
"grub.editenv","version_0.4",1074
"grub.editenv","version_0.5",121
"grub.editenv","version_0.6",188
"grub.file","version_0.4",0
"grub.file","version_0.5",0
"grub.file","version_0.6",0
"grub.fstest","version_0.4",0
"grub.fstest","version_0.5",0
"grub.fstest","version_0.6",0
"grub.glue.efi","version_0.4",1072
"grub.glue.efi","version_0.5",123
"grub.glue.efi","version_0.6",188
"grub.menulst2cfg","version_0.4",265
"grub.menulst2cfg","version_0.5",94
"grub.menulst2cfg","version_0.6",135
"grub.mkfont","version_0.4",1109
"grub.mkfont","version_0.5",131
"grub.mkfont","version_0.6",199
"grub.mkimage","version_0.4",1478
"grub.mkimage","version_0.5",189
"grub.mkimage","version_0.6",282
"grub.mklayout","version_0.4",0
"grub.mklayout","version_0.5",0
"grub.mklayout","version_0.6",0
"grub.mknetdir","version_0.4",1575
"grub.mknetdir","version_0.5",246
"grub.mknetdir","version_0.6",427
"grub.mkpasswd.pbkdf2","version_0.4",1094
"grub.mkpasswd.pbkdf2","version_0.5",128
"grub.mkpasswd.pbkdf2","version_0.6",191
"grub.mkrelpath","version_0.4",1073
"grub.mkrelpath","version_0.5",127
"grub.mkrelpath","version_0.6",189
"grub.mkrescue","version_0.4",0
"grub.mkrescue","version_0.5",0
"grub.mkrescue","version_0.6",0
"grub.mkstandalone","version_0.4",1684
"grub.mkstandalone","version_0.5",273
"grub.mkstandalone","version_0.6",453
"grub.mount","version_0.4",0
"grub.mount","version_0.5",0
"grub.mount","version_0.6",0
"grub.render.label","version_0.4",0
"grub.render.label","version_0.5",0
"grub.render.label","version_0.6",0
"grub.script.check","version_0.4",1132
"grub.script.check","version_0.5",127
"grub.script.check","version_0.6",209
"grub.syslinux2cfg","version_0.4",0
"grub.syslinux2cfg","version_0.5",0
"grub.syslinux2cfg","version_0.6",0
"gvmap","version_0.4",477
"gvmap","version_0.5",0
"gvmap","version_0.6",0
"gzip","version_0.4",160
"gzip","version_0.5",71
"gzip","version_0.6",83
"halflife","version_0.4",344
"halflife","version_0.5",117
"halflife","version_0.6",126
"hashcat","version_0.4",2351
"hashcat","version_0.5",348
"hashcat","version_0.6",371
"hashdeep","version_0.4",584
"hashdeep","version_0.5",0
"hashdeep","version_0.6",0
"hciattach","version_0.4",44
"hciattach","version_0.5",54
"hciattach","version_0.6",53
"hciconfig","version_0.4",69
"hciconfig","version_0.5",59
"hciconfig","version_0.6",59
"hcidump","version_0.4",1003
"hcidump","version_0.5",107
"hcidump","version_0.6",79
"hcitool","version_0.4",61
"hcitool","version_0.5",69
"hcitool","version_0.6",58
"heartbleeder","version_0.4",0
"heartbleeder","version_0.5",0
"heartbleeder","version_0.6",0
"hexdump","version_0.4",69
"hexdump","version_0.5",29
"hexdump","version_0.6",31
"hexeditor","version_0.4",97
"hexeditor","version_0.5",82
"hexeditor","version_0.6",73
"host","version_0.4",389
"host","version_0.5",72
"host","version_0.6",42
"hotpatcher","version_0.4",78
"hotpatcher","version_0.5",27
"hotpatcher","version_0.6",27
"ht","version_0.4",0
"ht","version_0.5",0
"ht","version_0.6",0
"htop","version_0.4",2153
"htop","version_0.5",71
"htop","version_0.6",72
"httptunnel.client","version_0.4",242
"httptunnel.client","version_0.5",13
"httptunnel.client","version_0.6",18
"httptunnel.server","version_0.4",279
"httptunnel.server","version_0.5",13
"httptunnel.server","version_0.6",17
"hydra","version_0.4",110
"hydra","version_0.5",1
"hydra","version_0.6",2
"ico","version_0.4",10
"ico","version_0.5",0
"ico","version_0.6",0
"iconv","version_0.4",341
"iconv","version_0.5",40
"iconv","version_0.6",52
"ike.scan","version_0.4",135
"ike.scan","version_0.5",73
"ike.scan","version_0.6",104
"infocmp","version_0.4",0
"infocmp","version_0.5",0
"infocmp","version_0.6",0
"innochecksum","version_0.4",0
"innochecksum","version_0.5",0
"innochecksum","version_0.6",0
"install","version_0.4",505
"install","version_0.5",97
"install","version_0.6",132
"iostat","version_0.4",108
"iostat","version_0.5",62
"iostat","version_0.6",40
"ip","version_0.4",694
"ip","version_0.5",205
"ip","version_0.6",267
"ipcs","version_0.4",37
"ipcs","version_0.5",21
"ipcs","version_0.6",33
"ivstools","version_0.4",108
"ivstools","version_0.5",40
"ivstools","version_0.6",38
"join","version_0.4",41
"join","version_0.5",23
"join","version_0.6",18
"journalctl","version_0.4",74
"journalctl","version_0.5",6
"journalctl","version_0.6",11
"kbxutil","version_0.4",368
"kbxutil","version_0.5",145
"kbxutil","version_0.6",143
"kismetdb_clean","version_0.4",0
"kismetdb_clean","version_0.5",0
"kismetdb_clean","version_0.6",0
"kismetdb_dump_devices","version_0.4",768
"kismetdb_dump_devices","version_0.5",37
"kismetdb_dump_devices","version_0.6",0
"kismetdb_statistics","version_0.4",781
"kismetdb_statistics","version_0.5",39
"kismetdb_statistics","version_0.6",0
"kismetdb_to_gpx","version_0.4",1000
"kismetdb_to_gpx","version_0.5",48
"kismetdb_to_gpx","version_0.6",0
"kismetdb_to_kml","version_0.4",1057
"kismetdb_to_kml","version_0.5",39
"kismetdb_to_kml","version_0.6",0
"kismetdb_to_pcap","version_0.4",0
"kismetdb_to_pcap","version_0.5",0
"kismetdb_to_pcap","version_0.6",0
"kismetdb_to_wiglecsv","version_0.4",1434
"kismetdb_to_wiglecsv","version_0.5",48
"kismetdb_to_wiglecsv","version_0.6",0
"kismet_cap_kismetdb","version_0.4",0
"kismet_cap_kismetdb","version_0.5",0
"kismet_cap_kismetdb","version_0.6",0
"kismet_cap_linux_bluetooth","version_0.4",200
"kismet_cap_linux_bluetooth","version_0.5",46
"kismet_cap_linux_bluetooth","version_0.6",63
"kismet_cap_linux_wifi","version_0.4",252
"kismet_cap_linux_wifi","version_0.5",135
"kismet_cap_linux_wifi","version_0.6",144
"kismet_cap_nrf_51822","version_0.4",180
"kismet_cap_nrf_51822","version_0.5",46
"kismet_cap_nrf_51822","version_0.6",57
"kismet_cap_nrf_52840","version_0.4",197
"kismet_cap_nrf_52840","version_0.5",40
"kismet_cap_nrf_52840","version_0.6",61
"kismet_cap_nrf_mousejack","version_0.4",192
"kismet_cap_nrf_mousejack","version_0.5",51
"kismet_cap_nrf_mousejack","version_0.6",73
"kismet_cap_nxp_kw41z","version_0.4",200
"kismet_cap_nxp_kw41z","version_0.5",42
"kismet_cap_nxp_kw41z","version_0.6",63
"kismet_cap_pcapfile","version_0.4",185
"kismet_cap_pcapfile","version_0.5",38
"kismet_cap_pcapfile","version_0.6",55
"kismet_cap_rz_killerbee","version_0.4",184
"kismet_cap_rz_killerbee","version_0.5",43
"kismet_cap_rz_killerbee","version_0.6",64
"kismet_cap_ti_cc_2531","version_0.4",194
"kismet_cap_ti_cc_2531","version_0.5",44
"kismet_cap_ti_cc_2531","version_0.6",65
"kismet_cap_ti_cc_2540","version_0.4",194
"kismet_cap_ti_cc_2540","version_0.5",44
"kismet_cap_ti_cc_2540","version_0.6",63
"kismet_cap_ubertooth_one","version_0.4",185
"kismet_cap_ubertooth_one","version_0.5",45
"kismet_cap_ubertooth_one","version_0.6",62
"kmod","version_0.4",448
"kmod","version_0.5",285
"kmod","version_0.6",317
"l2ping","version_0.4",28
"l2ping","version_0.5",26
"l2ping","version_0.6",26
"l2test","version_0.4",34
"l2test","version_0.5",27
"l2test","version_0.6",27
"ld","version_0.4",2907
"ld","version_0.5",0
"ld","version_0.6",0
"ldapcompare","version_0.4",70
"ldapcompare","version_0.5",43
"ldapcompare","version_0.6",36
"ldapdelete","version_0.4",68
"ldapdelete","version_0.5",68
"ldapdelete","version_0.6",30
"ldapexop","version_0.4",69
"ldapexop","version_0.5",42
"ldapexop","version_0.6",36
"ldapmodify","version_0.4",92
"ldapmodify","version_0.5",42
"ldapmodify","version_0.6",31
"ldapmodrdn","version_0.4",80
"ldapmodrdn","version_0.5",41
"ldapmodrdn","version_0.6",30
"ldappasswd","version_0.4",69
"ldappasswd","version_0.5",44
"ldappasswd","version_0.6",33
"ldapsearch","version_0.4",90
"ldapsearch","version_0.5",86
"ldapsearch","version_0.6",52
"ldapwhoami","version_0.4",67
"ldapwhoami","version_0.5",40
"ldapwhoami","version_0.6",29
"ldrdf","version_0.4",46
"ldrdf","version_0.5",55
"ldrdf","version_0.6",29
"lefty","version_0.4",492
"lefty","version_0.5",273
"lefty","version_0.6",285
"less","version_0.4",288
"less","version_0.5",121
"less","version_0.6",132
"lexgrog","version_0.4",41
"lexgrog","version_0.5",17
"lexgrog","version_0.6",20
"light.locker","version_0.4",29
"light.locker","version_0.5",1
"light.locker","version_0.6",0
"line_send_tcp","version_0.4",342
"line_send_tcp","version_0.5",116
"line_send_tcp","version_0.6",124
"ln","version_0.4",97
"ln","version_0.5",51
"ln","version_0.6",66
"loadkeys","version_0.4",156
"loadkeys","version_0.5",64
"loadkeys","version_0.6",67
"locale","version_0.4",62
"locale","version_0.5",25
"locale","version_0.6",21
"localedef","version_0.4",1235
"localedef","version_0.5",336
"localedef","version_0.6",0
"logger","version_0.4",40
"logger","version_0.5",50
"logger","version_0.6",44
"login","version_0.4",80
"login","version_0.5",51
"login","version_0.6",60
"loginctl","version_0.4",0
"loginctl","version_0.5",0
"loginctl","version_0.6",1
"logtop","version_0.4",1017
"logtop","version_0.5",19
"logtop","version_0.6",35
"lowntfs.3g","version_0.4",141
"lowntfs.3g","version_0.5",80
"lowntfs.3g","version_0.6",86
"ls","version_0.4",234
"ls","version_0.5",158
"ls","version_0.6",123
"lsblk","version_0.4",55
"lsblk","version_0.5",49
"lsblk","version_0.6",45
"lsciphers","version_0.4",0
"lsciphers","version_0.5",658
"lsciphers","version_0.6",575
"lscpu","version_0.4",137
"lscpu","version_0.5",66
"lscpu","version_0.6",68
"lsipc","version_0.4",73
"lsipc","version_0.5",39
"lsipc","version_0.6",53
"lslogins","version_0.4",43
"lslogins","version_0.5",47
"lslogins","version_0.6",34
"lsmem","version_0.4",46
"lsmem","version_0.5",28
"lsmem","version_0.6",29
"lsns","version_0.4",38
"lsns","version_0.5",16
"lsns","version_0.6",28
"lsof","version_0.4",282
"lsof","version_0.5",207
"lsof","version_0.6",263
"lspci","version_0.4",96
"lspci","version_0.5",7
"lspci","version_0.6",7
"lstopo","version_0.4",294
"lstopo","version_0.5",47
"lstopo","version_0.6",57
"lstopo.no.graphics","version_0.4",260
"lstopo.no.graphics","version_0.5",47
"lstopo.no.graphics","version_0.6",58
"lsusb","version_0.4",68
"lsusb","version_0.5",0
"lsusb","version_0.6",0
"luit","version_0.4",31
"luit","version_0.5",9
"luit","version_0.6",8
"make","version_0.4",0
"make","version_0.5",0
"make","version_0.6",0
"man","version_0.4",108
"man","version_0.5",61
"man","version_0.6",66
"mandb","version_0.4",100
"mandb","version_0.5",50
"mandb","version_0.6",61
"mariadb","version_0.4",1522
"mariadb","version_0.5",0
"mariadb","version_0.6",0
"mariadb.admin","version_0.4",1718
"mariadb.admin","version_0.5",753
"mariadb.admin","version_0.6",862
"mariadb.binlog","version_0.4",0
"mariadb.binlog","version_0.5",0
"mariadb.binlog","version_0.6",0
"mariadb.check","version_0.4",1699
"mariadb.check","version_0.5",737
"mariadb.check","version_0.6",854
"mariadb.conv","version_0.4",1377
"mariadb.conv","version_0.5",286
"mariadb.conv","version_0.6",321
"mariadb.dump","version_0.4",1897
"mariadb.dump","version_0.5",770
"mariadb.dump","version_0.6",894
"mariadb.import","version_0.4",1719
"mariadb.import","version_0.5",704
"mariadb.import","version_0.6",762
"mariadb.plugin","version_0.4",1090
"mariadb.plugin","version_0.5",252
"mariadb.plugin","version_0.6",270
"mariadb.show","version_0.4",1718
"mariadb.show","version_0.5",745
"mariadb.show","version_0.6",855
"mariadb.slap","version_0.4",1769
"mariadb.slap","version_0.5",746
"mariadb.slap","version_0.6",888
"mariadb.tzinfo.to.sql","version_0.4",1080
"mariadb.tzinfo.to.sql","version_0.5",247
"mariadb.tzinfo.to.sql","version_0.6",264
"mariadb.upgrade","version_0.4",0
"mariadb.upgrade","version_0.5",0
"mariadb.upgrade","version_0.6",0
"mariadb.waitpid","version_0.4",1070
"mariadb.waitpid","version_0.5",241
"mariadb.waitpid","version_0.6",259
"mariadbd.safe.helper","version_0.4",1004
"mariadbd.safe.helper","version_0.5",215
"mariadbd.safe.helper","version_0.6",222
"mate.calc","version_0.4",202
"mate.calc","version_0.5",0
"mate.calc","version_0.6",0
"mate.calc.cmd","version_0.4",0
"mate.calc.cmd","version_0.5",0
"mate.calc.cmd","version_0.6",0
"mawk","version_0.4",212
"mawk","version_0.5",97
"mawk","version_0.6",109
"md5deep","version_0.4",584
"md5deep","version_0.5",0
"md5deep","version_0.6",0
"mdsearch","version_0.4",0
"mdsearch","version_0.5",0
"mdsearch","version_0.6",0
"medusa","version_0.4",132
"medusa","version_0.5",140
"medusa","version_0.6",143
"metaflac","version_0.4",105
"metaflac","version_0.5",95
"metaflac","version_0.6",102
"mingle","version_0.4",0
"mingle","version_0.5",0
"mingle","version_0.6",0
"minicom","version_0.4",267
"minicom","version_0.5",203
"minicom","version_0.6",201
"mkdir","version_0.4",251
"mkdir","version_0.5",52
"mkdir","version_0.6",82
"mkfifo","version_0.4",177
"mkfifo","version_0.5",37
"mkfifo","version_0.6",45
"mkfs.btrfs","version_0.4",871
"mkfs.btrfs","version_0.5",247
"mkfs.btrfs","version_0.6",188
"mknod","version_0.4",202
"mknod","version_0.5",39
"mknod","version_0.6",55
"mksquashfs","version_0.4",344
"mksquashfs","version_0.5",158
"mksquashfs","version_0.6",177
"mm2gv","version_0.4",179
"mm2gv","version_0.5",102
"mm2gv","version_0.6",240
"mmcli","version_0.4",94
"mmcli","version_0.5",27
"mmcli","version_0.6",25
"more","version_0.4",47
"more","version_0.5",23
"more","version_0.6",23
"mount","version_0.4",27
"mount","version_0.5",23
"mount","version_0.6",24
"mousepad","version_0.4",173
"mousepad","version_0.5",0
"mousepad","version_0.6",0
"mpg123.bin","version_0.4",115
"mpg123.bin","version_0.5",0
"mpg123.bin","version_0.6",0
"mpris.proxy","version_0.4",120
"mpris.proxy","version_0.5",15
"mpris.proxy","version_0.6",12
"mpstat","version_0.4",103
"mpstat","version_0.5",69
"mpstat","version_0.6",64
"msrpcfuzz","version_0.4",355
"msrpcfuzz","version_0.5",130
"msrpcfuzz","version_0.6",129
"msrpcfuzz_udp","version_0.4",350
"msrpcfuzz_udp","version_0.5",130
"msrpcfuzz_udp","version_0.6",129
"mt.gnu","version_0.4",239
"mt.gnu","version_0.5",105
"mt.gnu","version_0.6",114
"mv","version_0.4",676
"mv","version_0.5",94
"mv","version_0.6",138
"myisamchk","version_0.4",0
"myisamchk","version_0.5",0
"myisamchk","version_0.6",0
"myisamlog","version_0.4",1784
"myisamlog","version_0.5",446
"myisamlog","version_0.6",491
"myisampack","version_0.4",1854
"myisampack","version_0.5",471
"myisampack","version_0.6",536
"myisam_ftdump","version_0.4",1808
"myisam_ftdump","version_0.5",463
"myisam_ftdump","version_0.6",517
"my_print_defaults","version_0.4",1071
"my_print_defaults","version_0.5",242
"my_print_defaults","version_0.6",261
"nano","version_0.4",527
"nano","version_0.5",319
"nano","version_0.6",395
"nasm","version_0.4",747
"nasm","version_0.5",1161
"nasm","version_0.6",356
"ncdu","version_0.4",1607
"ncdu","version_0.5",138
"ncdu","version_0.6",69
"ncrack","version_0.4",1213
"ncrack","version_0.5",21
"ncrack","version_0.6",14
"ndisasm","version_0.4",27
"ndisasm","version_0.5",29
"ndisasm","version_0.6",59
"net","version_0.4",538
"net","version_0.5",0
"net","version_0.6",0
"netkit.ftp","version_0.4",141
"netkit.ftp","version_0.5",50
"netkit.ftp","version_0.6",59
"netstat","version_0.4",138
"netstat","version_0.5",138
"netstat","version_0.6",135
"networkctl","version_0.4",161
"networkctl","version_0.5",15
"networkctl","version_0.6",29
"nl","version_0.4",486
"nl","version_0.5",138
"nl","version_0.6",147
"nm","version_0.4",2480
"nm","version_0.5",0
"nm","version_0.6",0
"nm.applet","version_0.4",195
"nm.applet","version_0.5",33
"nm.applet","version_0.6",45
"nm.connection.editor","version_0.4",244
"nm.connection.editor","version_0.5",25
"nm.connection.editor","version_0.6",32
"nmap_centos5","version_0.4",0
"nmap_centos5","version_0.5",0
"nmap_centos5","version_0.6",0
"nmblookup","version_0.4",194
"nmblookup","version_0.5",42
"nmblookup","version_0.6",50
"nmcli","version_0.4",760
"nmcli","version_0.5",330
"nmcli","version_0.6",372
"nmtui","version_0.4",342
"nmtui","version_0.5",183
"nmtui","version_0.6",141
"nslookup","version_0.4",442
"nslookup","version_0.5",75
"nslookup","version_0.6",43
"nstat","version_0.4",67
"nstat","version_0.5",34
"nstat","version_0.6",43
"nsupdate","version_0.4",31
"nsupdate","version_0.5",102
"nsupdate","version_0.6",65
"ntfs.3g","version_0.4",160
"ntfs.3g","version_0.5",92
"ntfs.3g","version_0.6",128
"ntfsdecrypt","version_0.4",33
"ntfsdecrypt","version_0.5",12
"ntfsdecrypt","version_0.6",14
"ntfsinfo","version_0.4",88
"ntfsinfo","version_0.5",5
"ntfsinfo","version_0.6",7
"ntfsrecover","version_0.4",147
"ntfsrecover","version_0.5",146
"ntfsrecover","version_0.6",172
"ntfssecaudit","version_0.4",50
"ntfssecaudit","version_0.5",0
"ntfssecaudit","version_0.6",28
"ntfswipe","version_0.4",103
"ntfswipe","version_0.5",19
"ntfswipe","version_0.6",22
"ntlm2","version_0.4",518
"ntlm2","version_0.5",184
"ntlm2","version_0.6",179
"ntlm_brute","version_0.4",511
"ntlm_brute","version_0.5",180
"ntlm_brute","version_0.6",173
"ntpdc","version_0.4",104
"ntpdc","version_0.5",24
"ntpdc","version_0.6",41
"ntpq","version_0.4",182
"ntpq","version_0.5",108
"ntpq","version_0.6",136
"numfmt","version_0.4",0
"numfmt","version_0.5",0
"numfmt","version_0.6",0
"obexctl","version_0.4",169
"obexctl","version_0.5",58
"obexctl","version_0.6",36
"objcopy","version_0.4",2647
"objcopy","version_0.5",612
"objcopy","version_0.6",331
"objdump","version_0.4",3071
"objdump","version_0.5",0
"objdump","version_0.6",0
"od","version_0.4",60
"od","version_0.5",1
"od","version_0.6",0
"onesixtyone","version_0.4",18
"onesixtyone","version_0.5",9
"onesixtyone","version_0.6",10
"openfortivpn","version_0.4",170
"openfortivpn","version_0.5",97
"openfortivpn","version_0.6",105
"openssl","version_0.4",266
"openssl","version_0.5",113
"openssl","version_0.6",155
"ophcrack","version_0.4",536
"ophcrack","version_0.5",13
"ophcrack","version_0.6",0
"ophcrack.cli","version_0.4",530
"ophcrack.cli","version_0.5",283
"ophcrack.cli","version_0.6",310
"out123","version_0.4",49
"out123","version_0.5",72
"out123","version_0.6",50
"pacat","version_0.4",3
"pacat","version_0.5",3
"pacat","version_0.6",3
"packetforge.ng","version_0.4",0
"packetforge.ng","version_0.5",0
"packetforge.ng","version_0.6",0
"packetq","version_0.4",0
"packetq","version_0.5",0
"packetq","version_0.6",0
"pactl","version_0.4",23
"pactl","version_0.5",3
"pactl","version_0.6",5
"parole","version_0.4",251
"parole","version_0.5",0
"parole","version_0.6",0
"partx","version_0.4",128
"partx","version_0.5",76
"partx","version_0.6",88
"passwd","version_0.4",72
"passwd","version_0.5",26
"passwd","version_0.6",37
"patch","version_0.4",308
"patch","version_0.5",162
"patch","version_0.6",179
"pavucontrol","version_0.4",319
"pavucontrol","version_0.5",10
"pavucontrol","version_0.6",31
"perl","version_0.4",0
"perl","version_0.5",0
"perl","version_0.6",0
"perl5.32.1","version_0.4",0
"perl5.32.1","version_0.5",0
"perl5.32.1","version_0.6",0
"perror","version_0.4",0
"perror","version_0.5",0
"perror","version_0.6",0
"photorec","version_0.4",0
"photorec","version_0.5",0
"photorec","version_0.6",0
"pic","version_0.4",234
"pic","version_0.5",97
"pic","version_0.6",183
"pidstat","version_0.4",106
"pidstat","version_0.5",46
"pidstat","version_0.6",56
"pinentry.curses","version_0.4",0
"pinentry.curses","version_0.5",0
"pinentry.curses","version_0.6",0
"pinentry.gnome3","version_0.4",0
"pinentry.gnome3","version_0.5",0
"pinentry.gnome3","version_0.6",0
"ping","version_0.4",21
"ping","version_0.5",18
"ping","version_0.6",20
"pixiewps","version_0.4",72
"pixiewps","version_0.5",34
"pixiewps","version_0.6",42
"pmspike","version_0.4",344
"pmspike","version_0.5",121
"pmspike","version_0.6",126
"post_fuzz","version_0.4",358
"post_fuzz","version_0.5",125
"post_fuzz","version_0.6",128
"post_spike","version_0.4",351
"post_spike","version_0.5",128
"post_spike","version_0.6",129
"pr","version_0.4",0
"pr","version_0.5",0
"pr","version_0.6",0
"preconv","version_0.4",141
"preconv","version_0.5",97
"preconv","version_0.6",100
"printf","version_0.4",0
"printf","version_0.5",0
"printf","version_0.6",0
"procan","version_0.4",46
"procan","version_0.5",67
"procan","version_0.6",70
"profiles","version_0.4",81
"profiles","version_0.5",30
"profiles","version_0.6",31
"proxytunnel","version_0.4",67
"proxytunnel","version_0.5",70
"proxytunnel","version_0.6",66
"ps","version_0.4",57
"ps","version_0.5",100
"ps","version_0.6",112
"pstat","version_0.4",0
"pstat","version_0.5",0
"pstat","version_0.6",0
"pth.curl","version_0.4",1252
"pth.curl","version_0.5",392
"pth.curl","version_0.6",440
"ptx","version_0.4",564
"ptx","version_0.5",163
"ptx","version_0.6",181
"pulseaudio","version_0.4",100
"pulseaudio","version_0.5",2
"pulseaudio","version_0.6",2
"pv","version_0.4",182
"pv","version_0.5",10
"pv","version_0.6",100
"qt5ct","version_0.4",104
"qt5ct","version_0.5",0
"qt5ct","version_0.6",0
"quake","version_0.4",344
"quake","version_0.5",117
"quake","version_0.6",126
"quakeserver","version_0.4",348
"quakeserver","version_0.5",117
"quakeserver","version_0.6",126
"r2agent","version_0.4",418
"r2agent","version_0.5",254
"r2agent","version_0.6",324
"r2r","version_0.4",515
"r2r","version_0.5",294
"r2r","version_0.6",354
"rabin2","version_0.4",418
"rabin2","version_0.5",254
"rabin2","version_0.6",324
"radare2","version_0.4",425
"radare2","version_0.5",256
"radare2","version_0.6",326
"radiff2","version_0.4",418
"radiff2","version_0.5",254
"radiff2","version_0.6",324
"rafind2","version_0.4",418
"rafind2","version_0.5",254
"rafind2","version_0.6",324
"ragg2","version_0.4",418
"ragg2","version_0.5",254
"ragg2","version_0.6",324
"rahash2","version_0.4",418
"rahash2","version_0.5",254
"rahash2","version_0.6",324
"ranlib","version_0.4",2500
"ranlib","version_0.5",0
"ranlib","version_0.6",0
"rarun2","version_0.4",418
"rarun2","version_0.5",254
"rarun2","version_0.6",324
"rasign2","version_0.4",418
"rasign2","version_0.5",254
"rasign2","version_0.6",324
"rasm2","version_0.4",418
"rasm2","version_0.5",254
"rasm2","version_0.6",324
"rawshark","version_0.4",0
"rawshark","version_0.5",0
"rawshark","version_0.6",0
"rax2","version_0.4",418
"rax2","version_0.5",254
"rax2","version_0.6",324
"rb","version_0.4",55
"rb","version_0.5",16
"rb","version_0.6",14
"rctest","version_0.4",80
"rctest","version_0.5",50
"rctest","version_0.6",62
"rdesktop","version_0.4",1065
"rdesktop","version_0.5",480
"rdesktop","version_0.6",458
"rdf2bin","version_0.4",12
"rdf2bin","version_0.5",56
"rdf2bin","version_0.6",9
"rdma","version_0.4",161
"rdma","version_0.5",63
"rdma","version_0.6",66
"readelf","version_0.4",736
"readelf","version_0.5",84
"readelf","version_0.6",60
"readlink","version_0.4",93
"readlink","version_0.5",25
"readlink","version_0.6",25
"realpath","version_0.4",105
"realpath","version_0.5",27
"realpath","version_0.6",32
"rearj","version_0.4",196
"rearj","version_0.5",59
"rearj","version_0.6",55
"reaver","version_0.4",533
"reaver","version_0.5",268
"reaver","version_0.6",334
"recordmydesktop","version_0.4",248
"recordmydesktop","version_0.5",105
"recordmydesktop","version_0.6",130
"redir","version_0.4",484
"redir","version_0.5",21
"redir","version_0.6",18
"rendercheck","version_0.4",69
"rendercheck","version_0.5",42
"rendercheck","version_0.6",22
"replace","version_0.4",1080
"replace","version_0.5",228
"replace","version_0.6",248
"resizepart","version_0.4",48
"resizepart","version_0.5",33
"resizepart","version_0.6",45
"resolvectl","version_0.4",62
"resolvectl","version_0.5",24
"resolvectl","version_0.6",28
"resolveip","version_0.4",1072
"resolveip","version_0.5",241
"resolveip","version_0.6",258
"resolve_stack_dump","version_0.4",1089
"resolve_stack_dump","version_0.5",241
"resolve_stack_dump","version_0.6",258
"rfcomm","version_0.4",32
"rfcomm","version_0.5",36
"rfcomm","version_0.6",35
"ristretto","version_0.4",215
"ristretto","version_0.5",4
"ristretto","version_0.6",16
"rm","version_0.4",194
"rm","version_0.5",35
"rm","version_0.6",49
"rmdir","version_0.4",61
"rmdir","version_0.5",26
"rmdir","version_0.6",28
"rpcclient","version_0.4",0
"rpcclient","version_0.5",0
"rpcclient","version_0.6",0
"rpcgen","version_0.4",0
"rpcgen","version_0.5",0
"rpcgen","version_0.6",0
"rsync","version_0.4",0
"rsync","version_0.5",0
"rsync","version_0.6",0
"rx","version_0.4",55
"rx","version_0.5",16
"rx","version_0.6",14
"rz","version_0.4",55
"rz","version_0.5",16
"rz","version_0.6",14
"sadf","version_0.4",672
"sadf","version_0.5",217
"sadf","version_0.6",152
"samba.regedit","version_0.4",198
"samba.regedit","version_0.5",22
"samba.regedit","version_0.6",23
"sane.find.scanner","version_0.4",150
"sane.find.scanner","version_0.5",102
"sane.find.scanner","version_0.6",84
"sar.sysstat","version_0.4",318
"sar.sysstat","version_0.5",139
"sar.sysstat","version_0.6",123
"sb","version_0.4",38
"sb","version_0.5",12
"sb","version_0.6",8
"sbd","version_0.4",131
"sbd","version_0.5",20
"sbd","version_0.6",20
"scalpel","version_0.4",92
"scalpel","version_0.5",81
"scalpel","version_0.6",57
"scanimage","version_0.4",8
"scanimage","version_0.5",0
"scanimage","version_0.6",0
"scp","version_0.4",141
"scp","version_0.5",134
"scp","version_0.6",125
"screen","version_0.4",1210
"screen","version_0.5",507
"screen","version_0.6",489
"script","version_0.4",104
"script","version_0.5",19
"script","version_0.6",20
"scriptlive","version_0.4",57
"scriptlive","version_0.5",18
"scriptlive","version_0.6",19
"sdptool","version_0.4",115
"sdptool","version_0.5",63
"sdptool","version_0.6",72
"sed","version_0.4",211
"sed","version_0.5",66
"sed","version_0.6",105
"sendmsrpc","version_0.4",360
"sendmsrpc","version_0.5",126
"sendmsrpc","version_0.6",126
"seq","version_0.4",0
"seq","version_0.5",0
"seq","version_0.6",0
"sftp","version_0.4",215
"sftp","version_0.5",170
"sftp","version_0.6",193
"sha1deep","version_0.4",584
"sha1deep","version_0.5",0
"sha1deep","version_0.6",0
"sha1sum","version_0.4",30
"sha1sum","version_0.5",15
"sha1sum","version_0.6",20
"sha224sum","version_0.4",20
"sha224sum","version_0.5",16
"sha224sum","version_0.6",21
"sha256deep","version_0.4",584
"sha256deep","version_0.5",0
"sha256deep","version_0.6",0
"sha256sum","version_0.4",20
"sha256sum","version_0.5",16
"sha256sum","version_0.6",21
"sha384sum","version_0.4",20
"sha384sum","version_0.5",16
"sha384sum","version_0.6",21
"sha512sum","version_0.4",20
"sha512sum","version_0.5",16
"sha512sum","version_0.6",21
"sharkd","version_0.4",0
"sharkd","version_0.5",0
"sharkd","version_0.6",0
"shred","version_0.4",56
"shred","version_0.5",45
"shred","version_0.6",42
"shuf","version_0.4",95
"shuf","version_0.5",22
"shuf","version_0.6",21
"size","version_0.4",2485
"size","version_0.5",0
"size","version_0.6",0
"skipfish","version_0.4",1118
"skipfish","version_0.5",652
"skipfish","version_0.6",939
"smbclient","version_0.4",79
"smbclient","version_0.5",46
"smbclient","version_0.6",40
"smbcontrol","version_0.4",34
"smbcontrol","version_0.5",21
"smbcontrol","version_0.6",43
"snmpnetstat","version_0.4",39
"snmpnetstat","version_0.5",115
"snmpnetstat","version_0.6",41
"socat","version_0.4",0
"socat","version_0.5",0
"socat","version_0.6",0
"sort","version_0.4",217
"sort","version_0.5",70
"sort","version_0.6",68
"speech.dispatcher","version_0.4",166
"speech.dispatcher","version_0.5",61
"speech.dispatcher","version_0.6",137
"split","version_0.4",34
"split","version_0.5",29
"split","version_0.6",26
"spooftooph","version_0.4",140
"spooftooph","version_0.5",116
"spooftooph","version_0.6",106
"sqldiff","version_0.4",0
"sqldiff","version_0.5",0
"sqldiff","version_0.6",0
"sqlite3","version_0.4",0
"sqlite3","version_0.5",0
"sqlite3","version_0.6",0
"sqsh","version_0.4",145
"sqsh","version_0.5",0
"sqsh","version_0.6",0
"ss","version_0.4",127
"ss","version_0.5",114
"ss","version_0.6",124
"ssh","version_0.4",1034
"ssh","version_0.5",402
"ssh","version_0.6",882
"ssh.add","version_0.4",304
"ssh.add","version_0.5",206
"ssh.add","version_0.6",421
"ssh.agent","version_0.4",251
"ssh.agent","version_0.5",168
"ssh.agent","version_0.6",379
"ssh.keygen","version_0.4",484
"ssh.keygen","version_0.5",256
"ssh.keygen","version_0.6",629
"ssh.keyscan","version_0.4",466
"ssh.keyscan","version_0.5",271
"ssh.keyscan","version_0.6",489
"sslsplit","version_0.4",408
"sslsplit","version_0.5",127
"sslsplit","version_0.6",147
"ss_spike","version_0.4",344
"ss_spike","version_0.5",125
"ss_spike","version_0.6",125
"stat","version_0.4",137
"stat","version_0.5",91
"stat","version_0.6",90
"statd_spike","version_0.4",345
"statd_spike","version_0.5",121
"statd_spike","version_0.6",126
"stdbuf","version_0.4",71
"stdbuf","version_0.5",34
"stdbuf","version_0.6",36
"strace","version_0.4",0
"strace","version_0.5",0
"strace","version_0.6",0
"strings","version_0.4",2477
"strings","version_0.5",0
"strings","version_0.6",0
"stty","version_0.4",78
"stty","version_0.5",46
"stty","version_0.6",38
"stunnel4","version_0.4",0
"stunnel4","version_0.5",0
"stunnel4","version_0.6",0
"su","version_0.4",79
"su","version_0.5",41
"su","version_0.6",42
"sudo","version_0.4",180
"sudo","version_0.5",39
"sudo","version_0.6",48
"sudoreplay","version_0.4",138
"sudoreplay","version_0.5",0
"sudoreplay","version_0.6",0
"sunrpcfuzz","version_0.4",352
"sunrpcfuzz","version_0.5",120
"sunrpcfuzz","version_0.6",127
"svn","version_0.4",262
"svn","version_0.5",50
"svn","version_0.6",55
"svnadmin","version_0.4",11
"svnadmin","version_0.5",2
"svnadmin","version_0.6",2
"svnbench","version_0.4",27
"svnbench","version_0.5",4
"svnbench","version_0.6",2
"svnlook","version_0.4",22
"svnlook","version_0.5",4
"svnlook","version_0.6",6
"svnrdump","version_0.4",40
"svnrdump","version_0.5",6
"svnrdump","version_0.6",3
"svnserve","version_0.4",26
"svnserve","version_0.5",9
"svnserve","version_0.6",16
"sx","version_0.4",38
"sx","version_0.5",12
"sx","version_0.6",8
"systemctl","version_0.4",139
"systemctl","version_0.5",135
"systemctl","version_0.6",97
"systemd.analyze","version_0.4",2850
"systemd.analyze","version_0.5",621
"systemd.analyze","version_0.6",350
"systemd.hwdb","version_0.4",125
"systemd.hwdb","version_0.5",78
"systemd.hwdb","version_0.6",96
"systemd.mount","version_0.4",1
"systemd.mount","version_0.5",7
"systemd.mount","version_0.6",5
"systemd.run","version_0.4",2
"systemd.run","version_0.5",5
"systemd.run","version_0.6",4
"systemd.sysusers","version_0.4",55
"systemd.sysusers","version_0.5",36
"systemd.sysusers","version_0.6",36
"systemd.tmpfiles","version_0.4",21
"systemd.tmpfiles","version_0.5",8
"systemd.tmpfiles","version_0.6",17
"sz","version_0.4",38
"sz","version_0.5",12
"sz","version_0.6",8
"tac","version_0.4",479
"tac","version_0.5",134
"tac","version_0.6",143
"tail","version_0.4",115
"tail","version_0.5",26
"tail","version_0.6",30
"tapestat","version_0.4",30
"tapestat","version_0.5",38
"tapestat","version_0.6",35
"tar","version_0.4",906
"tar","version_0.5",443
"tar","version_0.6",453
"tbl","version_0.4",406
"tbl","version_0.5",0
"tbl","version_0.6",0
"tcpbridge","version_0.4",2378
"tcpbridge","version_0.5",0
"tcpbridge","version_0.6",0
"tcpcapinfo","version_0.4",1106
"tcpcapinfo","version_0.5",0
"tcpcapinfo","version_0.6",0
"tcpdump","version_0.4",820
"tcpdump","version_0.5",24
"tcpdump","version_0.6",192
"tcpliveplay","version_0.4",1180
"tcpliveplay","version_0.5",0
"tcpliveplay","version_0.6",0
"tcpprep","version_0.4",1514
"tcpprep","version_0.5",0
"tcpprep","version_0.6",0
"tcpreplay","version_0.4",1559
"tcpreplay","version_0.5",0
"tcpreplay","version_0.6",0
"tcpreplay.edit","version_0.4",2625
"tcpreplay.edit","version_0.5",0
"tcpreplay.edit","version_0.6",0
"tcprewrite","version_0.4",2226
"tcprewrite","version_0.5",0
"tcprewrite","version_0.6",0
"telnet.netkit","version_0.4",106
"telnet.netkit","version_0.5",111
"telnet.netkit","version_0.6",85
"test","version_0.4",103
"test","version_0.5",30
"test","version_0.6",33
"testdisk","version_0.4",1392
"testdisk","version_0.5",179
"testdisk","version_0.6",270
"text2pcap","version_0.4",69
"text2pcap","version_0.5",26
"text2pcap","version_0.6",23
"thunar","version_0.4",0
"thunar","version_0.5",0
"thunar","version_0.6",0
"tic","version_0.4",34
"tic","version_0.5",0
"tic","version_0.6",0
"tigerdeep","version_0.4",584
"tigerdeep","version_0.5",0
"tigerdeep","version_0.6",0
"tmux","version_0.4",2102
"tmux","version_0.5",0
"tmux","version_0.6",0
"top","version_0.4",0
"top","version_0.5",0
"top","version_0.6",0
"touch","version_0.4",99
"touch","version_0.5",70
"touch","version_0.6",75
"tpmc","version_0.4",29
"tpmc","version_0.5",33
"tpmc","version_0.6",28
"tr","version_0.4",47
"tr","version_0.5",21
"tr","version_0.6",14
"traceroute.db","version_0.4",70
"traceroute.db","version_0.5",44
"traceroute.db","version_0.6",30
"troff","version_0.4",834
"troff","version_0.5",243
"troff","version_0.6",0
"trust","version_0.4",160
"trust","version_0.5",66
"trust","version_0.6",115
"tshark","version_0.4",414
"tshark","version_0.5",0
"tshark","version_0.6",0
"tsk_comparedir","version_0.4",0
"tsk_comparedir","version_0.5",0
"tsk_comparedir","version_0.6",0
"tsk_gettimes","version_0.4",0
"tsk_gettimes","version_0.5",0
"tsk_gettimes","version_0.6",0
"tsk_loaddb","version_0.4",0
"tsk_loaddb","version_0.5",0
"tsk_loaddb","version_0.6",0
"tsk_recover","version_0.4",0
"tsk_recover","version_0.5",0
"tsk_recover","version_0.6",0
"tsort","version_0.4",171
"tsort","version_0.5",16
"tsort","version_0.6",12
"udevadm","version_0.4",633
"udevadm","version_0.5",365
"udevadm","version_0.6",462
"udisksctl","version_0.4",11
"udisksctl","version_0.5",16
"udisksctl","version_0.6",12
"umax_pp","version_0.4",76
"umax_pp","version_0.5",124
"umax_pp","version_0.6",130
"uniq","version_0.4",30
"uniq","version_0.5",21
"uniq","version_0.6",18
"unix2dos","version_0.4",88
"unix2dos","version_0.5",5
"unix2dos","version_0.6",7
"unrar.nonfree","version_0.4",1479
"unrar.nonfree","version_0.5",266
"unrar.nonfree","version_0.6",200
"unsquashfs","version_0.4",99
"unsquashfs","version_0.5",70
"unsquashfs","version_0.6",55
"unzip","version_0.4",164
"unzip","version_0.5",97
"unzip","version_0.6",112
"unzipsfx","version_0.4",88
"unzipsfx","version_0.5",54
"unzipsfx","version_0.6",74
"update.alternatives","version_0.4",50
"update.alternatives","version_0.5",98
"update.alternatives","version_0.6",117
"update.mime.database","version_0.4",51
"update.mime.database","version_0.5",16
"update.mime.database","version_0.6",21
"upx.ucl","version_0.4",2735
"upx.ucl","version_0.5",258
"upx.ucl","version_0.6",257
"VBoxClient","version_0.4",0
"VBoxClient","version_0.5",0
"VBoxClient","version_0.6",0
"vdir","version_0.4",234
"vdir","version_0.5",158
"vdir","version_0.6",123
"vim","version_0.4",0
"vim","version_0.5",0
"vim","version_0.6",0
"vim.basic","version_0.4",0
"vim.basic","version_0.5",0
"vim.basic","version_0.6",0
"vim.tiny","version_0.4",2224
"vim.tiny","version_0.5",162
"vim.tiny","version_0.6",0
"voiphopper","version_0.4",151
"voiphopper","version_0.5",191
"voiphopper","version_0.6",182
"vsyasm","version_0.4",1005
"vsyasm","version_0.5",0
"vsyasm","version_0.6",0
"wash","version_0.4",533
"wash","version_0.5",268
"wash","version_0.6",334
"wdctl","version_0.4",35
"wdctl","version_0.5",26
"wdctl","version_0.6",27
"webfuzz","version_0.4",340
"webfuzz","version_0.5",119
"webfuzz","version_0.6",124
"wg","version_0.4",854
"wg","version_0.5",18
"wg","version_0.6",60
"wget","version_0.4",1085
"wget","version_0.5",426
"wget","version_0.6",441
"whatis","version_0.4",73
"whatis","version_0.5",30
"whatis","version_0.6",38
"whirlpooldeep","version_0.4",584
"whirlpooldeep","version_0.5",0
"whirlpooldeep","version_0.6",0
"who","version_0.4",72
"who","version_0.5",41
"who","version_0.6",47
"whois","version_0.4",106
"whois","version_0.5",99
"whois","version_0.6",98
"winexe","version_0.4",2
"winexe","version_0.5",4
"winexe","version_0.6",5
"wpa_passphrase","version_0.4",74
"wpa_passphrase","version_0.5",61
"wpa_passphrase","version_0.6",61
"x11perf","version_0.4",108
"x11perf","version_0.5",0
"x11perf","version_0.6",0
"x11_spike","version_0.4",345
"x11_spike","version_0.5",126
"x11_spike","version_0.6",126
"x86_64.linux.gnu.ar","version_0.4",82
"x86_64.linux.gnu.ar","version_0.5",45
"x86_64.linux.gnu.ar","version_0.6",68
"x86_64.linux.gnu.as","version_0.4",0
"x86_64.linux.gnu.as","version_0.5",0
"x86_64.linux.gnu.as","version_0.6",0
"x86_64.linux.gnu.c..filt","version_0.4",0
"x86_64.linux.gnu.c..filt","version_0.5",0
"x86_64.linux.gnu.c..filt","version_0.6",0
"x86_64.linux.gnu.cpp.10","version_0.4",983
"x86_64.linux.gnu.cpp.10","version_0.5",93
"x86_64.linux.gnu.cpp.10","version_0.6",45
"x86_64.linux.gnu.g...10","version_0.4",986
"x86_64.linux.gnu.g...10","version_0.5",92
"x86_64.linux.gnu.g...10","version_0.6",42
"x86_64.linux.gnu.gcc.10","version_0.4",983
"x86_64.linux.gnu.gcc.10","version_0.5",97
"x86_64.linux.gnu.gcc.10","version_0.6",45
"x86_64.linux.gnu.gcov.dump.10","version_0.4",0
"x86_64.linux.gnu.gcov.dump.10","version_0.5",0
"x86_64.linux.gnu.gcov.dump.10","version_0.6",0
"x86_64.linux.gnu.gcov.tool.10","version_0.4",0
"x86_64.linux.gnu.gcov.tool.10","version_0.5",0
"x86_64.linux.gnu.gcov.tool.10","version_0.6",0
"x86_64.linux.gnu.gprof","version_0.4",284
"x86_64.linux.gnu.gprof","version_0.5",367
"x86_64.linux.gnu.gprof","version_0.6",171
"x86_64.linux.gnu.ld.bfd","version_0.4",955
"x86_64.linux.gnu.ld.bfd","version_0.5",812
"x86_64.linux.gnu.ld.bfd","version_0.6",833
"x86_64.linux.gnu.ld.gold","version_0.4",0
"x86_64.linux.gnu.ld.gold","version_0.5",0
"x86_64.linux.gnu.ld.gold","version_0.6",0
"x86_64.linux.gnu.objcopy","version_0.4",1299
"x86_64.linux.gnu.objcopy","version_0.5",19
"x86_64.linux.gnu.objcopy","version_0.6",0
"x86_64.linux.gnu.objdump","version_0.4",1420
"x86_64.linux.gnu.objdump","version_0.5",15
"x86_64.linux.gnu.objdump","version_0.6",26
"x86_64.linux.gnu.ranlib","version_0.4",82
"x86_64.linux.gnu.ranlib","version_0.5",45
"x86_64.linux.gnu.ranlib","version_0.6",68
"x86_64.linux.gnu.readelf","version_0.4",566
"x86_64.linux.gnu.readelf","version_0.5",0
"x86_64.linux.gnu.readelf","version_0.6",0
"x86_64.linux.gnu.strip","version_0.4",1299
"x86_64.linux.gnu.strip","version_0.5",19
"x86_64.linux.gnu.strip","version_0.6",0
"xargs","version_0.4",0
"xargs","version_0.5",0
"xargs","version_0.6",0
"xauth","version_0.4",76
"xauth","version_0.5",45
"xauth","version_0.6",64
"xclock","version_0.4",0
"xclock","version_0.5",0
"xclock","version_0.6",0
"xdg.dbus.proxy","version_0.4",52
"xdg.dbus.proxy","version_0.5",16
"xdg.dbus.proxy","version_0.6",21
"xditview","version_0.4",53
"xditview","version_0.5",13
"xditview","version_0.6",15
"xdotool","version_0.4",45
"xdotool","version_0.5",27
"xdotool","version_0.6",49
"xedit","version_0.4",0
"xedit","version_0.5",0
"xedit","version_0.6",0
"xfce4.about","version_0.4",5
"xfce4.about","version_0.5",5
"xfce4.about","version_0.6",6
"xfce4.accessibility.settings","version_0.4",0
"xfce4.accessibility.settings","version_0.5",2
"xfce4.accessibility.settings","version_0.6",2
"xfce4.appearance.settings","version_0.4",0
"xfce4.appearance.settings","version_0.5",2
"xfce4.appearance.settings","version_0.6",2
"xfce4.appfinder","version_0.4",124
"xfce4.appfinder","version_0.5",21
"xfce4.appfinder","version_0.6",26
"xfce4.clipman","version_0.4",56
"xfce4.clipman","version_0.5",2
"xfce4.clipman","version_0.6",4
"xfce4.clipman.history","version_0.4",59
"xfce4.clipman.history","version_0.5",2
"xfce4.clipman.history","version_0.6",3
"xfce4.clipman.settings","version_0.4",11
"xfce4.clipman.settings","version_0.5",2
"xfce4.clipman.settings","version_0.6",3
"xfce4.color.settings","version_0.4",28
"xfce4.color.settings","version_0.5",11
"xfce4.color.settings","version_0.6",11
"xfce4.display.settings","version_0.4",0
"xfce4.display.settings","version_0.5",0
"xfce4.display.settings","version_0.6",0
"xfce4.keyboard.settings","version_0.4",33
"xfce4.keyboard.settings","version_0.5",2
"xfce4.keyboard.settings","version_0.6",2
"xfce4.mime.helper","version_0.4",17
"xfce4.mime.helper","version_0.5",1
"xfce4.mime.helper","version_0.6",2
"xfce4.mime.settings","version_0.4",29
"xfce4.mime.settings","version_0.5",2
"xfce4.mime.settings","version_0.6",2
"xfce4.mouse.settings","version_0.4",5
"xfce4.mouse.settings","version_0.5",0
"xfce4.mouse.settings","version_0.6",0
"xfce4.notifyd.config","version_0.4",3
"xfce4.notifyd.config","version_0.5",1
"xfce4.notifyd.config","version_0.6",1
"xfce4.panel","version_0.4",262
"xfce4.panel","version_0.5",2
"xfce4.panel","version_0.6",2
"xfce4.power.manager","version_0.4",0
"xfce4.power.manager","version_0.5",0
"xfce4.power.manager","version_0.6",0
"xfce4.power.manager.settings","version_0.4",8
"xfce4.power.manager.settings","version_0.5",3
"xfce4.power.manager.settings","version_0.6",8
"xfce4.screenshooter","version_0.4",23
"xfce4.screenshooter","version_0.5",6
"xfce4.screenshooter","version_0.6",10
"xfce4.session","version_0.4",0
"xfce4.session","version_0.5",0
"xfce4.session","version_0.6",0
"xfce4.session.settings","version_0.4",44
"xfce4.session.settings","version_0.5",14
"xfce4.session.settings","version_0.6",23
"xfce4.settings.editor","version_0.4",0
"xfce4.settings.editor","version_0.5",0
"xfce4.settings.editor","version_0.6",0
"xfce4.taskmanager","version_0.4",57
"xfce4.taskmanager","version_0.5",8
"xfce4.taskmanager","version_0.6",10
"xfdesktop","version_0.4",0
"xfdesktop","version_0.5",0
"xfdesktop","version_0.6",0
"xfdesktop.settings","version_0.4",50
"xfdesktop.settings","version_0.5",7
"xfdesktop.settings","version_0.6",13
"xfreerdp","version_0.4",215
"xfreerdp","version_0.5",25
"xfreerdp","version_0.6",28
"xfsettingsd","version_0.4",185
"xfsettingsd","version_0.5",1
"xfsettingsd","version_0.6",1
"xfwm4","version_0.4",1520
"xfwm4","version_0.5",0
"xfwm4","version_0.6",0
"xfwm4.settings","version_0.4",8
"xfwm4.settings","version_0.5",0
"xfwm4.settings","version_0.6",0
"xfwm4.workspace.settings","version_0.4",1
"xfwm4.workspace.settings","version_0.5",1
"xfwm4.workspace.settings","version_0.6",1
"xgc","version_0.4",0
"xgc","version_0.5",0
"xgc","version_0.6",0
"xhydra","version_0.4",6
"xhydra","version_0.5",24
"xhydra","version_0.6",5
"xkbcomp","version_0.4",671
"xkbcomp","version_0.5",97
"xkbcomp","version_0.6",103
"xkbprint","version_0.4",16
"xkbprint","version_0.5",9
"xkbprint","version_0.6",9
"xman","version_0.4",96
"xman","version_0.5",34
"xman","version_0.6",43
"xmllint","version_0.4",14
"xmllint","version_0.5",14
"xmllint","version_0.6",15
"xprop","version_0.4",13
"xprop","version_0.5",23
"xprop","version_0.6",22
"xrandr","version_0.4",472
"xrandr","version_0.5",0
"xrandr","version_0.6",0
"xsm","version_0.4",128
"xsm","version_0.5",89
"xsm","version_0.6",140
"Xtightvnc","version_0.4",0
"Xtightvnc","version_0.5",0
"Xtightvnc","version_0.6",0
"xtightvncviewer","version_0.4",67
"xtightvncviewer","version_0.5",49
"xtightvncviewer","version_0.6",59
"Xvfb","version_0.4",0
"Xvfb","version_0.5",0
"Xvfb","version_0.6",0
"xwininfo","version_0.4",86
"xwininfo","version_0.5",12
"xwininfo","version_0.6",10
"xz","version_0.4",71
"xz","version_0.5",72
"xz","version_0.6",17
"yasm","version_0.4",1005
"yasm","version_0.5",0
"yasm","version_0.6",0
"ytasm","version_0.4",1002
"ytasm","version_0.5",0
"ytasm","version_0.6",0
"zenity","version_0.4",0
"zenity","version_0.5",0
"zenity","version_0.6",0
"zip","version_0.4",374
"zip","version_0.5",346
"zip","version_0.6",345
"zipcloak","version_0.4",236
"zipcloak","version_0.5",263
"zipcloak","version_0.6",239
"zipinfo","version_0.4",164
"zipinfo","version_0.5",97
"zipinfo","version_0.6",112
"zipnote","version_0.4",231
"zipnote","version_0.5",248
"zipnote","version_0.6",251
"zipsplit","version_0.4",223
"zipsplit","version_0.5",238
"zipsplit","version_0.6",237
"zsh","version_0.4",0
"zsh","version_0.5",0
"zsh","version_0.6",0
"X.","version_0.4",103
"X.","version_0.5",30
"X.","version_0.6",33
